Minute,Hour,Day,Month,Year,AppOpens,VehiclesAvailable,Price,AcceptedRides
0,0,28,12,2015,53,61,10,24.7
5,0,28,12,2015,46,53,10,30.4
10,0,28,12,2015,53,59,10,31.7
15,0,28,12,2015,50,46,10,26
20,0,28,12,2015,42,83,10,15.8
25,0,28,12,2015,47,81,10,26.3
30,0,28,12,2015,47,51,10,33.3
35,0,28,12,2015,45,55,10,34.5
40,0,28,12,2015,38,76,10,18.2
45,0,28,12,2015,37,45,10,16.3
50,0,28,12,2015,54,56,10,29.6
55,0,28,12,2015,38,76,10,23.2
0,1,28,12,2015,36,72,10,19.4
5,1,28,12,2015,38,57,10,29.2
10,1,28,12,2015,45,62,10,25.5
15,1,28,12,2015,37,62,10,8.3
20,1,28,12,2015,42,44,10,16.8
25,1,28,12,2015,51,66,10,37.9
30,1,28,12,2015,42,72,10,31.8
35,1,28,12,2015,49,61,10,28.1
40,1,28,12,2015,38,46,10,13.2
45,1,28,12,2015,50,48,10,20
50,1,28,12,2015,48,78,10,28.2
55,1,28,12,2015,37,68,10,14.3
0,2,28,12,2015,55,72,10,37.5
5,2,28,12,2015,45,48,10,15.5
10,2,28,12,2015,47,76,10,29.3
15,2,28,12,2015,43,73,10,27.7
20,2,28,12,2015,47,49,10,33.3
25,2,28,12,2015,53,81,10,27.7
30,2,28,12,2015,51,65,10,37.9
35,2,28,12,2015,47,60,10,25.3
40,2,28,12,2015,37,70,10,26.3
45,2,28,12,2015,35,84,10,16.5
50,2,28,12,2015,50,68,10,21
55,2,28,12,2015,54,63,10,31.6
0,3,28,12,2015,50,74,10,30
5,3,28,12,2015,54,67,10,43.6
10,3,28,12,2015,40,54,10,27
15,3,28,12,2015,49,75,10,34.1
20,3,28,12,2015,35,77,10,23.5
25,3,28,12,2015,48,45,10,19.2
30,3,28,12,2015,50,84,10,32
35,3,28,12,2015,44,74,10,20.6
40,3,28,12,2015,40,45,10,31
45,3,28,12,2015,48,50,10,28.2
50,3,28,12,2015,49,69,10,32.1
55,3,28,12,2015,35,73,10,24.5
0,4,28,12,2015,43,50,10,28.7
5,4,28,12,2015,44,48,10,26.6
10,4,28,12,2015,51,50,10,38.9
15,4,28,12,2015,36,59,10,19.4
20,4,28,12,2015,51,73,10,38.9
25,4,28,12,2015,53,54,10,34.7
30,4,28,12,2015,44,74,10,20.6
35,4,28,12,2015,49,66,10,22.1
40,4,28,12,2015,43,48,10,32.7
45,4,28,12,2015,36,75,10,27.4
50,4,28,12,2015,43,64,10,25.7
55,4,28,12,2015,51,51,10,28.9
0,5,28,12,2015,43,54,10,21.7
5,5,28,12,2015,45,83,10,27.5
10,5,28,12,2015,43,66,10,22.7
15,5,28,12,2015,43,71,10,14.7
20,5,28,12,2015,42,80,10,25.8
25,5,28,12,2015,47,79,10,21.3
30,5,28,12,2015,53,49,10,24.7
35,5,28,12,2015,51,83,10,34.9
40,5,28,12,2015,44,44,10,19.6
45,5,28,12,2015,50,67,10,37
50,5,28,12,2015,39,65,10,30.1
55,5,28,12,2015,37,73,10,15.3
0,6,28,12,2015,96,72,10,69.4
5,6,28,12,2015,95,65,12.5,65.75
10,6,28,12,2015,86,95,10,68.4
15,6,28,12,2015,84,100,10,70.6
20,6,28,12,2015,100,97,10,78
25,6,28,12,2015,91,82,10,64.9
30,6,28,12,2015,86,80,10,71.4
35,6,28,12,2015,87,82,10,71.3
40,6,28,12,2015,91,100,10,57.9
45,6,28,12,2015,90,82,10,67
50,6,28,12,2015,83,90,10,63.7
55,6,28,12,2015,91,80,10,67.9
0,7,28,12,2015,95,84,10,60.5
5,7,28,12,2015,95,96,10,69.5
10,7,28,12,2015,87,87,10,63.3
15,7,28,12,2015,99,76,10,81.1
20,7,28,12,2015,83,73,10,68.7
25,7,28,12,2015,88,94,10,62.2
30,7,28,12,2015,80,63,10,54
35,7,28,12,2015,83,72,10,68.7
40,7,28,12,2015,85,92,10,52.5
45,7,28,12,2015,90,70,10,72
50,7,28,12,2015,100,63,17.5,58.75
55,7,28,12,2015,80,68,10,50
0,8,28,12,2015,171,113,27.5,117.65
5,8,28,12,2015,184,108,37.5,100.35
10,8,28,12,2015,171,103,35,103.4
15,8,28,12,2015,171,124,20,133.9
20,8,28,12,2015,181,121,27.5,125.65
25,8,28,12,2015,171,128,17.5,132.65
30,8,28,12,2015,178,117,30,114.2
35,8,28,12,2015,171,119,22.5,127.15
40,8,28,12,2015,178,99,40,107.2
45,8,28,12,2015,182,124,27.5,121.55
50,8,28,12,2015,183,110,37.5,106.45
55,8,28,12,2015,175,113,30,115.5
0,9,28,12,2015,98,100,10,75.2
5,9,28,12,2015,100,66,15,70.5
10,9,28,12,2015,88,93,10,74.2
15,9,28,12,2015,80,82,10,58
20,9,28,12,2015,87,77,10,72.3
25,9,28,12,2015,98,93,10,77.2
30,9,28,12,2015,96,94,10,61.4
35,9,28,12,2015,89,75,10,56.1
40,9,28,12,2015,91,95,10,76.9
45,9,28,12,2015,84,81,10,60.6
50,9,28,12,2015,94,68,10,79.6
55,9,28,12,2015,96,69,12.5,68.65
0,10,28,12,2015,91,70,10,65.9
5,10,28,12,2015,93,87,10,74.7
10,10,28,12,2015,94,79,10,73.6
15,10,28,12,2015,86,63,10,54.4
20,10,28,12,2015,86,92,10,52.4
25,10,28,12,2015,90,80,10,57
30,10,28,12,2015,100,67,15,77.5
35,10,28,12,2015,97,81,10,66.3
40,10,28,12,2015,89,87,10,70.1
45,10,28,12,2015,96,65,15,67.9
50,10,28,12,2015,82,87,10,50.8
55,10,28,12,2015,97,64,15,54.8
0,11,28,12,2015,87,90,10,71.3
5,11,28,12,2015,87,87,10,72.3
10,11,28,12,2015,88,65,10,69.2
15,11,28,12,2015,93,89,10,60.7
20,11,28,12,2015,84,64,10,55.6
25,11,28,12,2015,86,77,10,64.4
30,11,28,12,2015,81,75,10,62.9
35,11,28,12,2015,87,102,10,60.3
40,11,28,12,2015,98,101,10,79.2
45,11,28,12,2015,96,73,10,78.4
50,11,28,12,2015,87,98,10,56.3
55,11,28,12,2015,82,79,10,62.8
0,12,28,12,2015,93,88,10,64.7
5,12,28,12,2015,81,77,10,51.9
10,12,28,12,2015,82,99,10,48.8
15,12,28,12,2015,81,99,10,56.9
20,12,28,12,2015,82,87,10,49.8
25,12,28,12,2015,96,76,10,71.4
30,12,28,12,2015,93,67,10,74.7
35,12,28,12,2015,80,82,10,47
40,12,28,12,2015,90,91,10,65
45,12,28,12,2015,87,69,10,66.3
50,12,28,12,2015,91,99,10,74.9
55,12,28,12,2015,100,80,10,66
0,13,28,12,2015,89,96,10,75.1
5,13,28,12,2015,87,90,10,55.3
10,13,28,12,2015,99,99,10,81.1
15,13,28,12,2015,100,101,10,71
20,13,28,12,2015,93,91,10,61.7
25,13,28,12,2015,85,69,10,66.5
30,13,28,12,2015,89,65,10,60.1
35,13,28,12,2015,89,78,10,60.1
40,13,28,12,2015,82,72,10,53.8
45,13,28,12,2015,83,80,10,56.7
50,13,28,12,2015,94,62,15,57.1
55,13,28,12,2015,96,82,10,65.4
0,14,28,12,2015,84,86,10,65.6
5,14,28,12,2015,92,86,10,62.8
10,14,28,12,2015,80,74,10,66
15,14,28,12,2015,96,83,10,67.4
20,14,28,12,2015,95,71,10,74.5
25,14,28,12,2015,96,64,15,70.9
30,14,28,12,2015,93,68,10,61.7
35,14,28,12,2015,92,77,10,66.8
40,14,28,12,2015,86,92,10,65.4
45,14,28,12,2015,93,64,12.5,69.95
50,14,28,12,2015,84,75,10,70.6
55,14,28,12,2015,96,95,10,69.4
0,15,28,12,2015,100,71,12.5,69.25
5,15,28,12,2015,89,80,10,70.1
10,15,28,12,2015,97,100,10,64.3
15,15,28,12,2015,97,75,10,63.3
20,15,28,12,2015,92,88,10,77.8
25,15,28,12,2015,98,96,10,72.2
30,15,28,12,2015,91,67,10,65.9
35,15,28,12,2015,87,82,10,61.3
40,15,28,12,2015,91,100,10,63.9
45,15,28,12,2015,87,101,10,57.3
50,15,28,12,2015,81,80,10,51.9
55,15,28,12,2015,85,84,10,65.5
0,16,28,12,2015,88,82,10,58.2
5,16,28,12,2015,90,102,10,72
10,16,28,12,2015,99,62,17.5,57.85
15,16,28,12,2015,85,95,10,56.5
20,16,28,12,2015,98,92,10,79.2
25,16,28,12,2015,88,86,10,60.2
30,16,28,12,2015,89,91,10,67.1
35,16,28,12,2015,92,84,10,63.8
40,16,28,12,2015,93,85,10,61.7
45,16,28,12,2015,82,101,10,59.8
50,16,28,12,2015,89,65,10,68.1
55,16,28,12,2015,80,80,10,66
0,17,28,12,2015,174,130,17.5,128.35
5,17,28,12,2015,173,98,37.5,91.45
10,17,28,12,2015,177,123,25,117.8
15,17,28,12,2015,172,115,27.5,105.55
20,17,28,12,2015,173,133,15,133.2
25,17,28,12,2015,171,101,35,96.4
30,17,28,12,2015,175,120,25,129
35,17,28,12,2015,188,121,32.5,122.45
40,17,28,12,2015,176,130,20,135.4
45,17,28,12,2015,182,102,40,105.8
50,17,28,12,2015,187,106,42.5,100.55
55,17,28,12,2015,188,128,27.5,130.95
0,18,28,12,2015,81,64,10,57.9
5,18,28,12,2015,86,100,10,56.4
10,18,28,12,2015,94,66,12.5,59.85
15,18,28,12,2015,90,92,10,61
20,18,28,12,2015,100,98,10,79
25,18,28,12,2015,100,87,10,70
30,18,28,12,2015,88,101,10,69.2
35,18,28,12,2015,97,70,12.5,62.55
40,18,28,12,2015,89,82,10,72.1
45,18,28,12,2015,96,62,17.5,55.15
50,18,28,12,2015,97,102,10,73.3
55,18,28,12,2015,95,100,10,63.5
0,19,28,12,2015,99,72,12.5,63.35
5,19,28,12,2015,95,70,10,79.5
10,19,28,12,2015,87,100,10,70.3
15,19,28,12,2015,92,102,10,64.8
20,19,28,12,2015,83,81,10,57.7
25,19,28,12,2015,97,98,10,62.3
30,19,28,12,2015,88,68,10,66.2
35,19,28,12,2015,85,83,10,53.5
40,19,28,12,2015,93,84,10,68.7
45,19,28,12,2015,99,88,10,76.1
50,19,28,12,2015,88,95,10,61.2
55,19,28,12,2015,93,94,10,74.7
0,20,28,12,2015,132,107,10,97.8
5,20,28,12,2015,135,99,15,105
10,20,28,12,2015,140,107,12.5,102.25
15,20,28,12,2015,136,91,20,83.4
20,20,28,12,2015,125,109,10,88.5
25,20,28,12,2015,133,101,12.5,101.95
30,20,28,12,2015,130,85,22.5,75.25
35,20,28,12,2015,139,83,27.5,80.85
40,20,28,12,2015,134,99,15,95.1
45,20,28,12,2015,128,95,12.5,100.45
50,20,28,12,2015,121,115,10,85.9
55,20,28,12,2015,124,79,22.5,75.85
0,21,28,12,2015,91,99,10,66.9
5,21,28,12,2015,94,90,10,76.6
10,21,28,12,2015,89,100,10,73.1
15,21,28,12,2015,81,101,10,55.9
20,21,28,12,2015,93,99,10,64.7
25,21,28,12,2015,87,94,10,66.3
30,21,28,12,2015,80,85,10,53
35,21,28,12,2015,98,101,10,75.2
40,21,28,12,2015,90,73,10,63
45,21,28,12,2015,96,68,12.5,68.65
50,21,28,12,2015,99,88,10,65.1
55,21,28,12,2015,89,65,10,63.1
0,22,28,12,2015,87,97,10,63.3
5,22,28,12,2015,86,69,10,63.4
10,22,28,12,2015,95,64,15,73
15,22,28,12,2015,96,78,10,79.4
20,22,28,12,2015,85,72,10,53.5
25,22,28,12,2015,99,66,15,73.6
30,22,28,12,2015,88,69,10,67.2
35,22,28,12,2015,97,64,15,58.8
40,22,28,12,2015,89,73,10,68.1
45,22,28,12,2015,93,90,10,58.7
50,22,28,12,2015,95,72,10,60.5
55,22,28,12,2015,81,88,10,55.9
0,23,28,12,2015,119,97,10,90.1
5,23,28,12,2015,111,93,10,90.9
10,23,28,12,2015,123,94,10,86.7
15,23,28,12,2015,110,98,10,83
20,23,28,12,2015,112,88,10,93.8
25,23,28,12,2015,110,99,10,76
30,23,28,12,2015,115,75,20,83.5
35,23,28,12,2015,117,111,10,92.3
40,23,28,12,2015,112,114,10,79.8
45,23,28,12,2015,129,84,22.5,84.35
50,23,28,12,2015,128,99,10,97.2
55,23,28,12,2015,119,77,20,86.1
0,0,29,12,2015,48,80,10,27.2
5,0,29,12,2015,38,59,10,25.2
10,0,29,12,2015,55,83,10,25.5
15,0,29,12,2015,55,49,10,34.5
20,0,29,12,2015,48,44,10,38.2
25,0,29,12,2015,43,66,10,25.7
30,0,29,12,2015,52,74,10,23.8
35,0,29,12,2015,39,66,10,17.1
40,0,29,12,2015,49,44,10,29.1
45,0,29,12,2015,36,65,10,15.4
50,0,29,12,2015,38,44,10,17.2
55,0,29,12,2015,40,66,10,15
0,1,29,12,2015,36,69,10,15.4
5,1,29,12,2015,47,68,10,25.3
10,1,29,12,2015,43,70,10,32.7
15,1,29,12,2015,51,47,10,20.9
20,1,29,12,2015,35,76,10,26.5
25,1,29,12,2015,55,56,10,36.5
30,1,29,12,2015,45,62,10,30.5
35,1,29,12,2015,40,80,10,29
40,1,29,12,2015,51,80,10,28.9
45,1,29,12,2015,41,83,10,26.9
50,1,29,12,2015,39,71,10,19.1
55,1,29,12,2015,37,59,10,10.3
0,2,29,12,2015,38,74,10,22.2
5,2,29,12,2015,49,72,10,19.1
10,2,29,12,2015,54,66,10,39.6
15,2,29,12,2015,53,79,10,38.7
20,2,29,12,2015,49,74,10,28.1
25,2,29,12,2015,55,51,10,32.5
30,2,29,12,2015,51,69,10,31.9
35,2,29,12,2015,51,58,10,29.9
40,2,29,12,2015,49,54,10,29.1
45,2,29,12,2015,48,76,10,36.2
50,2,29,12,2015,39,47,10,19.1
55,2,29,12,2015,47,73,10,25.3
0,3,29,12,2015,41,44,10,25.9
5,3,29,12,2015,49,75,10,35.1
10,3,29,12,2015,46,66,10,31.4
15,3,29,12,2015,54,72,10,41.6
20,3,29,12,2015,48,73,10,28.2
25,3,29,12,2015,42,63,10,18.8
30,3,29,12,2015,37,57,10,26.3
35,3,29,12,2015,37,80,10,15.3
40,3,29,12,2015,41,53,10,26.9
45,3,29,12,2015,45,65,10,15.5
50,3,29,12,2015,53,60,10,41.7
55,3,29,12,2015,55,45,10,32.5
0,4,29,12,2015,52,67,10,27.8
5,4,29,12,2015,55,72,10,33.5
10,4,29,12,2015,43,68,10,26.7
15,4,29,12,2015,51,60,10,37.9
20,4,29,12,2015,53,57,10,37.7
25,4,29,12,2015,44,69,10,22.6
30,4,29,12,2015,53,73,10,24.7
35,4,29,12,2015,36,46,10,7.4
40,4,29,12,2015,52,64,10,37.8
45,4,29,12,2015,52,80,10,39.8
50,4,29,12,2015,41,81,10,30.9
55,4,29,12,2015,40,64,10,14
0,5,29,12,2015,55,61,10,30.5
5,5,29,12,2015,42,60,10,21.8
10,5,29,12,2015,48,51,10,34.2
15,5,29,12,2015,40,81,10,22
20,5,29,12,2015,54,49,10,41.6
25,5,29,12,2015,45,70,10,24.5
30,5,29,12,2015,36,77,10,11.4
35,5,29,12,2015,35,46,10,23.5
40,5,29,12,2015,35,83,10,12.5
45,5,29,12,2015,37,60,10,10.3
50,5,29,12,2015,44,66,10,28.6
55,5,29,12,2015,35,81,10,25.5
0,6,29,12,2015,81,77,10,55.9
5,6,29,12,2015,80,77,10,63
10,6,29,12,2015,81,94,10,49.9
15,6,29,12,2015,91,98,10,64.9
20,6,29,12,2015,93,76,10,58.7
25,6,29,12,2015,93,90,10,58.7
30,6,29,12,2015,86,65,10,55.4
35,6,29,12,2015,86,65,10,56.4
40,6,29,12,2015,95,65,12.5,69.75
45,6,29,12,2015,89,81,10,75.1
50,6,29,12,2015,95,65,12.5,66.75
55,6,29,12,2015,81,94,10,47.9
0,7,29,12,2015,92,71,10,68.8
5,7,29,12,2015,83,100,10,62.7
10,7,29,12,2015,94,67,12.5,67.85
15,7,29,12,2015,99,71,12.5,71.35
20,7,29,12,2015,80,62,10,60
25,7,29,12,2015,90,83,10,61
30,7,29,12,2015,83,89,10,66.7
35,7,29,12,2015,96,89,10,66.4
40,7,29,12,2015,87,64,10,62.3
45,7,29,12,2015,98,98,10,72.2
50,7,29,12,2015,97,78,10,82.3
55,7,29,12,2015,91,67,10,69.9
0,8,29,12,2015,186,114,35,122.9
5,8,29,12,2015,178,105,37.5,98.95
10,8,29,12,2015,179,115,30,116.1
15,8,29,12,2015,182,113,35,117.3
20,8,29,12,2015,170,129,15,123.5
25,8,29,12,2015,179,129,22.5,132.35
30,8,29,12,2015,181,129,22.5,125.15
35,8,29,12,2015,173,128,17.5,139.45
40,8,29,12,2015,171,100,35,102.4
45,8,29,12,2015,180,102,40,109
50,8,29,12,2015,184,127,25,123.1
55,8,29,12,2015,173,127,20,135.7
0,9,29,12,2015,93,65,12.5,58.95
5,9,29,12,2015,88,98,10,62.2
10,9,29,12,2015,97,94,10,63.3
15,9,29,12,2015,82,98,10,58.8
20,9,29,12,2015,98,88,10,76.2
25,9,29,12,2015,99,102,10,81.1
30,9,29,12,2015,87,63,10,68.3
35,9,29,12,2015,98,92,10,67.2
40,9,29,12,2015,96,98,10,75.4
45,9,29,12,2015,93,62,15,54.2
50,9,29,12,2015,85,74,10,66.5
55,9,29,12,2015,95,76,10,63.5
0,10,29,12,2015,87,96,10,71.3
5,10,29,12,2015,85,67,10,56.5
10,10,29,12,2015,84,69,10,57.6
15,10,29,12,2015,84,83,10,56.6
20,10,29,12,2015,100,74,10,78
25,10,29,12,2015,80,75,10,61
30,10,29,12,2015,92,102,10,57.8
35,10,29,12,2015,96,83,10,79.4
40,10,29,12,2015,97,97,10,65.3
45,10,29,12,2015,98,91,10,74.2
50,10,29,12,2015,95,98,10,67.5
55,10,29,12,2015,84,95,10,55.6
0,11,29,12,2015,100,88,10,66
5,11,29,12,2015,93,72,10,69.7
10,11,29,12,2015,84,80,10,53.6
15,11,29,12,2015,99,83,10,83.1
20,11,29,12,2015,85,86,10,61.5
25,11,29,12,2015,89,90,10,66.1
30,11,29,12,2015,91,71,10,71.9
35,11,29,12,2015,95,83,10,68.5
40,11,29,12,2015,96,69,12.5,61.65
45,11,29,12,2015,84,69,10,57.6
50,11,29,12,2015,82,86,10,65.8
55,11,29,12,2015,92,73,10,59.8
0,12,29,12,2015,87,72,10,57.3
5,12,29,12,2015,99,94,10,72.1
10,12,29,12,2015,82,62,10,52.8
15,12,29,12,2015,97,77,10,79.3
20,12,29,12,2015,93,90,10,72.7
25,12,29,12,2015,91,76,10,71.9
30,12,29,12,2015,85,79,10,59.5
35,12,29,12,2015,86,83,10,62.4
40,12,29,12,2015,100,101,10,66
45,12,29,12,2015,93,78,10,78.7
50,12,29,12,2015,92,75,10,69.8
55,12,29,12,2015,95,94,10,61.5
0,13,29,12,2015,88,97,10,62.2
5,13,29,12,2015,81,69,10,48.9
10,13,29,12,2015,82,101,10,65.8
15,13,29,12,2015,96,84,10,70.4
20,13,29,12,2015,99,74,10,82.1
25,13,29,12,2015,84,63,10,62.6
30,13,29,12,2015,94,94,10,65.6
35,13,29,12,2015,99,100,10,67.1
40,13,29,12,2015,80,62,10,49
45,13,29,12,2015,98,91,10,69.2
50,13,29,12,2015,98,67,15,65.7
55,13,29,12,2015,90,95,10,57
0,14,29,12,2015,86,82,10,67.4
5,14,29,12,2015,93,86,10,58.7
10,14,29,12,2015,80,77,10,58
15,14,29,12,2015,87,100,10,56.3
20,14,29,12,2015,97,94,10,64.3
25,14,29,12,2015,90,87,10,57
30,14,29,12,2015,94,97,10,63.6
35,14,29,12,2015,99,100,10,67.1
40,14,29,12,2015,88,94,10,68.2
45,14,29,12,2015,80,89,10,54
50,14,29,12,2015,99,78,10,66.1
55,14,29,12,2015,85,88,10,67.5
0,15,29,12,2015,84,76,10,65.6
5,15,29,12,2015,97,64,15,62.8
10,15,29,12,2015,83,68,10,53.7
15,15,29,12,2015,81,81,10,65.9
20,15,29,12,2015,94,96,10,71.6
25,15,29,12,2015,96,95,10,79.4
30,15,29,12,2015,89,82,10,61.1
35,15,29,12,2015,95,77,10,67.5
40,15,29,12,2015,86,101,10,56.4
45,15,29,12,2015,80,76,10,57
50,15,29,12,2015,100,97,10,76
55,15,29,12,2015,99,87,10,74.1
0,16,29,12,2015,89,91,10,65.1
5,16,29,12,2015,88,68,10,70.2
10,16,29,12,2015,82,96,10,60.8
15,16,29,12,2015,89,97,10,66.1
20,16,29,12,2015,83,70,10,69.7
25,16,29,12,2015,98,72,10,83.2
30,16,29,12,2015,90,90,10,66
35,16,29,12,2015,88,89,10,68.2
40,16,29,12,2015,99,94,10,84.1
45,16,29,12,2015,92,84,10,69.8
50,16,29,12,2015,97,86,10,68.3
55,16,29,12,2015,95,83,10,61.5
0,17,29,12,2015,178,127,22.5,125.45
5,17,29,12,2015,186,122,30,128.4
10,17,29,12,2015,181,135,17.5,139.65
15,17,29,12,2015,181,111,35,107.4
20,17,29,12,2015,174,125,20,134.6
25,17,29,12,2015,175,126,20,133.5
30,17,29,12,2015,173,98,37.5,93.45
35,17,29,12,2015,190,102,45,102.5
40,17,29,12,2015,185,109,37.5,109.25
45,17,29,12,2015,170,123,20,133
50,17,29,12,2015,172,132,15,142.3
55,17,29,12,2015,170,103,32.5,94.25
0,18,29,12,2015,98,99,10,78.2
5,18,29,12,2015,93,79,10,67.7
10,18,29,12,2015,99,75,10,83.1
15,18,29,12,2015,91,74,10,66.9
20,18,29,12,2015,95,85,10,70.5
25,18,29,12,2015,92,73,10,65.8
30,18,29,12,2015,88,96,10,57.2
35,18,29,12,2015,92,75,10,59.8
40,18,29,12,2015,88,79,10,70.2
45,18,29,12,2015,90,99,10,61
50,18,29,12,2015,100,78,10,76
55,18,29,12,2015,95,68,12.5,56.75
0,19,29,12,2015,93,65,12.5,55.95
5,19,29,12,2015,80,85,10,51
10,19,29,12,2015,88,87,10,61.2
15,19,29,12,2015,87,71,10,54.3
20,19,29,12,2015,99,95,10,76.1
25,19,29,12,2015,94,99,10,71.6
30,19,29,12,2015,89,64,10,55.1
35,19,29,12,2015,89,89,10,69.1
40,19,29,12,2015,91,70,10,61.9
45,19,29,12,2015,92,69,10,75.8
50,19,29,12,2015,81,92,10,67.9
55,19,29,12,2015,80,72,10,55
0,20,29,12,2015,125,79,22.5,81.75
5,20,29,12,2015,122,99,10,102.8
10,20,29,12,2015,124,89,15,93.1
15,20,29,12,2015,126,93,12.5,91.65
20,20,29,12,2015,137,94,20,83.3
25,20,29,12,2015,122,118,10,97.8
30,20,29,12,2015,129,116,10,106.1
35,20,29,12,2015,132,79,27.5,70.55
40,20,29,12,2015,131,85,22.5,77.15
45,20,29,12,2015,131,118,10,104.9
50,20,29,12,2015,139,103,15,112.6
55,20,29,12,2015,123,107,10,105.7
0,21,29,12,2015,98,64,15,58.7
5,21,29,12,2015,94,93,10,74.6
10,21,29,12,2015,95,92,10,74.5
15,21,29,12,2015,90,80,10,58
20,21,29,12,2015,97,64,15,55.8
25,21,29,12,2015,86,62,10,70.4
30,21,29,12,2015,85,79,10,61.5
35,21,29,12,2015,89,92,10,71.1
40,21,29,12,2015,89,101,10,69.1
45,21,29,12,2015,94,77,10,74.6
50,21,29,12,2015,81,68,10,61.9
55,21,29,12,2015,81,75,10,66.9
0,22,29,12,2015,86,63,10,63.4
5,22,29,12,2015,83,65,10,50.7
10,22,29,12,2015,93,102,10,59.7
15,22,29,12,2015,97,83,10,64.3
20,22,29,12,2015,90,79,10,62
25,22,29,12,2015,85,78,10,70.5
30,22,29,12,2015,82,65,10,58.8
35,22,29,12,2015,81,97,10,60.9
40,22,29,12,2015,95,92,10,62.5
45,22,29,12,2015,100,66,15,71.5
50,22,29,12,2015,98,87,10,67.2
55,22,29,12,2015,91,89,10,69.9
0,23,29,12,2015,112,110,10,94.8
5,23,29,12,2015,123,106,10,94.7
10,23,29,12,2015,110,92,10,78
15,23,29,12,2015,121,100,10,84.9
20,23,29,12,2015,129,110,10,107.1
25,23,29,12,2015,124,113,10,86.6
30,23,29,12,2015,124,96,10,86.6
35,23,29,12,2015,125,91,15,93
40,23,29,12,2015,115,95,10,86.5
45,23,29,12,2015,124,82,20,76.6
50,23,29,12,2015,113,94,10,81.7
55,23,29,12,2015,122,79,20,80.8
0,0,30,12,2015,53,51,10,24.7
5,0,30,12,2015,50,58,10,30
10,0,30,12,2015,35,52,10,13.5
15,0,30,12,2015,52,74,10,33.8
20,0,30,12,2015,55,55,10,43.5
25,0,30,12,2015,44,61,10,32.6
30,0,30,12,2015,50,48,10,33
35,0,30,12,2015,46,74,10,23.4
40,0,30,12,2015,45,77,10,25.5
45,0,30,12,2015,41,81,10,23.9
50,0,30,12,2015,55,72,10,26.5
55,0,30,12,2015,38,60,10,24.2
0,1,30,12,2015,43,55,10,22.7
5,1,30,12,2015,46,84,10,18.4
10,1,30,12,2015,37,61,10,24.3
15,1,30,12,2015,39,73,10,28.1
20,1,30,12,2015,38,62,10,28.2
25,1,30,12,2015,44,77,10,15.6
30,1,30,12,2015,39,70,10,24.1
35,1,30,12,2015,37,50,10,12.3
40,1,30,12,2015,54,69,10,34.6
45,1,30,12,2015,49,66,10,35.1
50,1,30,12,2015,45,83,10,21.5
55,1,30,12,2015,43,54,10,30.7
0,2,30,12,2015,54,74,10,43.6
5,2,30,12,2015,43,56,10,28.7
10,2,30,12,2015,38,77,10,13.2
15,2,30,12,2015,42,58,10,18.8
20,2,30,12,2015,38,66,10,25.2
25,2,30,12,2015,51,84,10,35.9
30,2,30,12,2015,48,53,10,24.2
35,2,30,12,2015,43,77,10,30.7
40,2,30,12,2015,50,47,10,35
45,2,30,12,2015,55,46,10,38.5
50,2,30,12,2015,40,68,10,30
55,2,30,12,2015,54,55,10,23.6
0,3,30,12,2015,53,64,10,35.7
5,3,30,12,2015,51,45,10,36.9
10,3,30,12,2015,39,48,10,27.1
15,3,30,12,2015,43,58,10,25.7
20,3,30,12,2015,47,57,10,23.3
25,3,30,12,2015,54,70,10,30.6
30,3,30,12,2015,43,54,10,19.7
35,3,30,12,2015,41,53,10,12.9
40,3,30,12,2015,37,83,10,15.3
45,3,30,12,2015,41,49,10,27.9
50,3,30,12,2015,47,51,10,18.3
55,3,30,12,2015,54,57,10,26.6
0,4,30,12,2015,53,66,10,40.7
5,4,30,12,2015,48,49,10,24.2
10,4,30,12,2015,39,70,10,22.1
15,4,30,12,2015,55,60,10,34.5
20,4,30,12,2015,51,65,10,30.9
25,4,30,12,2015,44,46,10,27.6
30,4,30,12,2015,46,57,10,29.4
35,4,30,12,2015,41,69,10,12.9
40,4,30,12,2015,36,55,10,27.4
45,4,30,12,2015,35,58,10,17.5
50,4,30,12,2015,47,66,10,30.3
55,4,30,12,2015,38,68,10,21.2
0,5,30,12,2015,47,84,10,27.3
5,5,30,12,2015,55,67,10,38.5
10,5,30,12,2015,40,80,10,19
15,5,30,12,2015,51,44,10,31.9
20,5,30,12,2015,37,80,10,11.3
25,5,30,12,2015,50,74,10,30
30,5,30,12,2015,40,71,10,26
35,5,30,12,2015,44,52,10,26.6
40,5,30,12,2015,41,81,10,18.9
45,5,30,12,2015,41,67,10,18.9
50,5,30,12,2015,45,58,10,26.5
55,5,30,12,2015,43,55,10,15.7
0,6,30,12,2015,95,102,10,70.5
5,6,30,12,2015,95,76,10,64.5
10,6,30,12,2015,99,91,10,80.1
15,6,30,12,2015,85,76,10,63.5
20,6,30,12,2015,83,74,10,56.7
25,6,30,12,2015,100,66,15,62.5
30,6,30,12,2015,99,67,15,63.6
35,6,30,12,2015,89,78,10,61.1
40,6,30,12,2015,86,88,10,60.4
45,6,30,12,2015,82,86,10,50.8
50,6,30,12,2015,93,69,10,69.7
55,6,30,12,2015,80,90,10,66
0,7,30,12,2015,89,81,10,65.1
5,7,30,12,2015,85,87,10,57.5
10,7,30,12,2015,89,72,10,62.1
15,7,30,12,2015,100,63,17.5,68.75
20,7,30,12,2015,86,81,10,52.4
25,7,30,12,2015,96,95,10,75.4
30,7,30,12,2015,99,90,10,64.1
35,7,30,12,2015,86,79,10,60.4
40,7,30,12,2015,99,101,10,68.1
45,7,30,12,2015,90,65,10,64
50,7,30,12,2015,97,68,12.5,59.55
55,7,30,12,2015,89,78,10,74.1
0,8,30,12,2015,172,128,17.5,130.55
5,8,30,12,2015,177,116,30,107.3
10,8,30,12,2015,179,102,40,95.1
15,8,30,12,2015,182,115,32.5,115.05
20,8,30,12,2015,177,106,35,104.8
25,8,30,12,2015,179,104,37.5,111.85
30,8,30,12,2015,172,116,25,124.3
35,8,30,12,2015,188,114,37.5,120.95
40,8,30,12,2015,188,134,22.5,136.45
45,8,30,12,2015,185,101,42.5,94.75
50,8,30,12,2015,179,123,25,119.6
55,8,30,12,2015,186,135,22.5,135.65
0,9,30,12,2015,81,82,10,66.9
5,9,30,12,2015,87,86,10,60.3
10,9,30,12,2015,82,98,10,56.8
15,9,30,12,2015,95,87,10,62.5
20,9,30,12,2015,93,86,10,69.7
25,9,30,12,2015,86,75,10,57.4
30,9,30,12,2015,81,79,10,51.9
35,9,30,12,2015,81,78,10,57.9
40,9,30,12,2015,97,76,10,73.3
45,9,30,12,2015,89,94,10,73.1
50,9,30,12,2015,94,97,10,77.6
55,9,30,12,2015,95,64,15,65
0,10,30,12,2015,88,87,10,69.2
5,10,30,12,2015,83,96,10,69.7
10,10,30,12,2015,81,94,10,56.9
15,10,30,12,2015,96,63,15,70.9
20,10,30,12,2015,87,63,10,58.3
25,10,30,12,2015,94,94,10,65.6
30,10,30,12,2015,81,101,10,53.9
35,10,30,12,2015,91,101,10,73.9
40,10,30,12,2015,84,79,10,63.6
45,10,30,12,2015,80,93,10,56
50,10,30,12,2015,93,69,10,60.7
55,10,30,12,2015,82,92,10,68.8
0,11,30,12,2015,97,92,10,73.3
5,11,30,12,2015,99,96,10,79.1
10,11,30,12,2015,87,95,10,55.3
15,11,30,12,2015,97,69,12.5,72.55
20,11,30,12,2015,93,90,10,71.7
25,11,30,12,2015,86,81,10,72.4
30,11,30,12,2015,84,80,10,51.6
35,11,30,12,2015,95,70,10,80.5
40,11,30,12,2015,95,67,12.5,60.75
45,11,30,12,2015,83,90,10,63.7
50,11,30,12,2015,99,86,10,66.1
55,11,30,12,2015,99,77,10,69.1
0,12,30,12,2015,94,93,10,73.6
5,12,30,12,2015,84,64,10,52.6
10,12,30,12,2015,82,85,10,67.8
15,12,30,12,2015,81,74,10,52.9
20,12,30,12,2015,80,87,10,59
25,12,30,12,2015,100,94,10,79
30,12,30,12,2015,95,90,10,73.5
35,12,30,12,2015,95,84,10,72.5
40,12,30,12,2015,84,76,10,67.6
45,12,30,12,2015,91,62,12.5,55.15
50,12,30,12,2015,96,92,10,74.4
55,12,30,12,2015,98,96,10,83.2
0,13,30,12,2015,92,86,10,75.8
5,13,30,12,2015,97,84,10,69.3
10,13,30,12,2015,81,69,10,66.9
15,13,30,12,2015,93,85,10,77.7
20,13,30,12,2015,98,86,10,70.2
25,13,30,12,2015,97,73,10,79.3
30,13,30,12,2015,88,64,10,74.2
35,13,30,12,2015,89,96,10,55.1
40,13,30,12,2015,99,81,10,80.1
45,13,30,12,2015,89,65,10,61.1
50,13,30,12,2015,83,68,10,55.7
55,13,30,12,2015,86,94,10,66.4
0,14,30,12,2015,91,77,10,59.9
5,14,30,12,2015,93,91,10,63.7
10,14,30,12,2015,96,74,10,75.4
15,14,30,12,2015,81,93,10,50.9
20,14,30,12,2015,100,73,12.5,62.25
25,14,30,12,2015,96,80,10,64.4
30,14,30,12,2015,80,82,10,58
35,14,30,12,2015,97,83,10,66.3
40,14,30,12,2015,96,90,10,67.4
45,14,30,12,2015,90,74,10,65
50,14,30,12,2015,96,102,10,72.4
55,14,30,12,2015,84,102,10,70.6
0,15,30,12,2015,94,84,10,74.6
5,15,30,12,2015,82,77,10,52.8
10,15,30,12,2015,88,95,10,59.2
15,15,30,12,2015,94,94,10,59.6
20,15,30,12,2015,99,62,17.5,67.85
25,15,30,12,2015,92,80,10,62.8
30,15,30,12,2015,88,62,12.5,63.45
35,15,30,12,2015,95,63,15,59
40,15,30,12,2015,80,86,10,60
45,15,30,12,2015,95,63,15,62
50,15,30,12,2015,98,89,10,74.2
55,15,30,12,2015,85,73,10,68.5
0,16,30,12,2015,91,86,10,67.9
5,16,30,12,2015,100,65,17.5,71.75
10,16,30,12,2015,92,87,10,71.8
15,16,30,12,2015,83,79,10,51.7
20,16,30,12,2015,85,100,10,59.5
25,16,30,12,2015,83,70,10,64.7
30,16,30,12,2015,92,76,10,70.8
35,16,30,12,2015,95,64,15,66
40,16,30,12,2015,98,73,10,66.2
45,16,30,12,2015,90,74,10,68
50,16,30,12,2015,89,74,10,58.1
55,16,30,12,2015,86,91,10,60.4
0,17,30,12,2015,186,127,27.5,135.15
5,17,30,12,2015,184,98,45,88.1
10,17,30,12,2015,190,134,25,129.5
15,17,30,12,2015,179,104,37.5,112.85
20,17,30,12,2015,179,126,22.5,135.35
25,17,30,12,2015,188,122,32.5,127.45
30,17,30,12,2015,187,116,35,120.8
35,17,30,12,2015,184,103,42.5,103.85
40,17,30,12,2015,181,100,42.5,97.15
45,17,30,12,2015,175,122,22.5,113.75
50,17,30,12,2015,187,104,42.5,106.55
55,17,30,12,2015,176,111,32.5,119.65
0,18,30,12,2015,90,64,12.5,63.25
5,18,30,12,2015,90,95,10,73
10,18,30,12,2015,91,102,10,68.9
15,18,30,12,2015,96,100,10,70.4
20,18,30,12,2015,93,88,10,58.7
25,18,30,12,2015,90,64,12.5,57.25
30,18,30,12,2015,94,86,10,71.6
35,18,30,12,2015,95,83,10,62.5
40,18,30,12,2015,88,78,10,56.2
45,18,30,12,2015,83,94,10,54.7
50,18,30,12,2015,92,80,10,77.8
55,18,30,12,2015,83,83,10,68.7
0,19,30,12,2015,89,81,10,68.1
5,19,30,12,2015,95,89,10,66.5
10,19,30,12,2015,88,96,10,69.2
15,19,30,12,2015,87,73,10,58.3
20,19,30,12,2015,88,62,12.5,62.45
25,19,30,12,2015,100,86,10,69
30,19,30,12,2015,85,75,10,57.5
35,19,30,12,2015,87,97,10,73.3
40,19,30,12,2015,84,69,10,65.6
45,19,30,12,2015,92,86,10,77.8
50,19,30,12,2015,99,89,10,65.1
55,19,30,12,2015,85,80,10,60.5
0,20,30,12,2015,128,90,17.5,78.95
5,20,30,12,2015,131,117,10,106.9
10,20,30,12,2015,140,88,25,92.5
15,20,30,12,2015,139,114,10,103.1
20,20,30,12,2015,122,86,15,88.3
25,20,30,12,2015,135,109,10,111.5
30,20,30,12,2015,122,101,10,85.8
35,20,30,12,2015,127,93,15,85.8
40,20,30,12,2015,139,99,17.5,88.85
45,20,30,12,2015,138,110,10,118.2
50,20,30,12,2015,133,105,10,111.7
55,20,30,12,2015,129,82,22.5,82.35
0,21,30,12,2015,91,87,10,69.9
5,21,30,12,2015,90,80,10,60
10,21,30,12,2015,89,68,10,65.1
15,21,30,12,2015,99,101,10,72.1
20,21,30,12,2015,83,72,10,67.7
25,21,30,12,2015,83,97,10,59.7
30,21,30,12,2015,97,85,10,82.3
35,21,30,12,2015,84,71,10,70.6
40,21,30,12,2015,97,72,10,81.3
45,21,30,12,2015,91,102,10,76.9
50,21,30,12,2015,100,85,10,68
55,21,30,12,2015,95,87,10,72.5
0,22,30,12,2015,87,82,10,53.3
5,22,30,12,2015,87,92,10,55.3
10,22,30,12,2015,85,82,10,66.5
15,22,30,12,2015,96,100,10,73.4
20,22,30,12,2015,94,92,10,74.6
25,22,30,12,2015,84,101,10,66.6
30,22,30,12,2015,90,100,10,69
35,22,30,12,2015,96,69,12.5,71.65
40,22,30,12,2015,90,98,10,65
45,22,30,12,2015,91,96,10,76.9
50,22,30,12,2015,89,71,10,63.1
55,22,30,12,2015,81,94,10,61.9
0,23,30,12,2015,110,110,10,93
5,23,30,12,2015,114,98,10,95.6
10,23,30,12,2015,122,91,12.5,89.05
15,23,30,12,2015,123,112,10,97.7
20,23,30,12,2015,127,92,15,91.8
25,23,30,12,2015,117,92,10,91.3
30,23,30,12,2015,112,83,12.5,73.05
35,23,30,12,2015,116,102,10,89.4
40,23,30,12,2015,128,96,12.5,106.45
45,23,30,12,2015,128,99,10,110.2
50,23,30,12,2015,111,83,12.5,87.15
55,23,30,12,2015,121,98,10,97.9
0,0,31,12,2015,37,66,10,10.3
5,0,31,12,2015,44,66,10,33.6
10,0,31,12,2015,38,71,10,14.2
15,0,31,12,2015,42,69,10,23.8
20,0,31,12,2015,39,60,10,21.1
25,0,31,12,2015,38,44,10,13.2
30,0,31,12,2015,43,78,10,33.7
35,0,31,12,2015,47,49,10,20.3
40,0,31,12,2015,37,61,10,25.3
45,0,31,12,2015,49,71,10,27.1
50,0,31,12,2015,38,80,10,14.2
55,0,31,12,2015,42,57,10,28.8
0,1,31,12,2015,35,56,10,21.5
5,1,31,12,2015,49,61,10,29.1
10,1,31,12,2015,35,46,10,25.5
15,1,31,12,2015,40,52,10,17
20,1,31,12,2015,38,62,10,14.2
25,1,31,12,2015,49,67,10,24.1
30,1,31,12,2015,53,51,10,30.7
35,1,31,12,2015,42,78,10,30.8
40,1,31,12,2015,42,79,10,31.8
45,1,31,12,2015,39,50,10,17.1
50,1,31,12,2015,50,60,10,37
55,1,31,12,2015,41,80,10,16.9
0,2,31,12,2015,53,71,10,25.7
5,2,31,12,2015,46,45,10,35.4
10,2,31,12,2015,41,80,10,13.9
15,2,31,12,2015,46,58,10,25.4
20,2,31,12,2015,53,56,10,35.7
25,2,31,12,2015,41,58,10,26.9
30,2,31,12,2015,50,78,10,38
35,2,31,12,2015,55,60,10,38.5
40,2,31,12,2015,45,70,10,23.5
45,2,31,12,2015,47,46,10,31.3
50,2,31,12,2015,50,45,10,26
55,2,31,12,2015,43,82,10,26.7
0,3,31,12,2015,38,59,10,21.2
5,3,31,12,2015,55,64,10,31.5
10,3,31,12,2015,40,75,10,13
15,3,31,12,2015,48,84,10,37.2
20,3,31,12,2015,40,46,10,13
25,3,31,12,2015,51,60,10,30.9
30,3,31,12,2015,41,79,10,18.9
35,3,31,12,2015,38,46,10,20.2
40,3,31,12,2015,52,46,10,40.8
45,3,31,12,2015,48,83,10,37.2
50,3,31,12,2015,45,68,10,19.5
55,3,31,12,2015,41,55,10,19.9
0,4,31,12,2015,54,69,10,23.6
5,4,31,12,2015,42,69,10,31.8
10,4,31,12,2015,38,54,10,22.2
15,4,31,12,2015,49,63,10,21.1
20,4,31,12,2015,37,74,10,19.3
25,4,31,12,2015,41,61,10,11.9
30,4,31,12,2015,47,51,10,19.3
35,4,31,12,2015,48,81,10,24.2
40,4,31,12,2015,41,63,10,14.9
45,4,31,12,2015,52,71,10,31.8
50,4,31,12,2015,42,45,10,29.8
55,4,31,12,2015,36,57,10,16.4
0,5,31,12,2015,37,63,10,13.3
5,5,31,12,2015,40,70,10,25
10,5,31,12,2015,35,54,10,6.5
15,5,31,12,2015,44,73,10,33.6
20,5,31,12,2015,50,82,10,38
25,5,31,12,2015,36,73,10,11.4
30,5,31,12,2015,54,62,10,29.6
35,5,31,12,2015,51,65,10,25.9
40,5,31,12,2015,45,66,10,17.5
45,5,31,12,2015,39,52,10,18.1
50,5,31,12,2015,37,63,10,10.3
55,5,31,12,2015,51,59,10,24.9
0,6,31,12,2015,85,64,10,65.5
5,6,31,12,2015,96,101,10,64.4
10,6,31,12,2015,89,71,10,69.1
15,6,31,12,2015,84,102,10,50.6
20,6,31,12,2015,93,97,10,61.7
25,6,31,12,2015,82,101,10,67.8
30,6,31,12,2015,94,93,10,64.6
35,6,31,12,2015,90,82,10,72
40,6,31,12,2015,83,89,10,69.7
45,6,31,12,2015,98,96,10,67.2
50,6,31,12,2015,97,96,10,65.3
55,6,31,12,2015,81,84,10,66.9
0,7,31,12,2015,97,66,15,58.8
5,7,31,12,2015,80,87,10,61
10,7,31,12,2015,97,93,10,80.3
15,7,31,12,2015,82,65,10,62.8
20,7,31,12,2015,85,83,10,52.5
25,7,31,12,2015,92,66,10,59.8
30,7,31,12,2015,93,82,10,63.7
35,7,31,12,2015,96,98,10,61.4
40,7,31,12,2015,82,78,10,49.8
45,7,31,12,2015,97,92,10,65.3
50,7,31,12,2015,84,76,10,68.6
55,7,31,12,2015,84,65,10,50.6
0,8,31,12,2015,186,102,42.5,102.65
5,8,31,12,2015,183,116,32.5,124.95
10,8,31,12,2015,177,101,40,101.3
15,8,31,12,2015,178,106,35,102.7
20,8,31,12,2015,171,117,25,125.4
25,8,31,12,2015,179,126,22.5,137.35
30,8,31,12,2015,186,132,22.5,140.65
35,8,31,12,2015,181,132,20,129.9
40,8,31,12,2015,170,128,17.5,131.75
45,8,31,12,2015,177,134,17.5,132.05
50,8,31,12,2015,175,131,17.5,131.25
55,8,31,12,2015,174,107,32.5,109.85
0,9,31,12,2015,98,68,12.5,72.45
5,9,31,12,2015,89,81,10,68.1
10,9,31,12,2015,94,72,10,71.6
15,9,31,12,2015,84,98,10,66.6
20,9,31,12,2015,80,93,10,58
25,9,31,12,2015,98,85,10,79.2
30,9,31,12,2015,100,82,10,76
35,9,31,12,2015,97,79,10,67.3
40,9,31,12,2015,88,92,10,71.2
45,9,31,12,2015,89,80,10,61.1
50,9,31,12,2015,83,79,10,59.7
55,9,31,12,2015,89,62,12.5,61.35
0,10,31,12,2015,100,102,10,68
5,10,31,12,2015,89,98,10,69.1
10,10,31,12,2015,89,87,10,56.1
15,10,31,12,2015,99,73,10,76.1
20,10,31,12,2015,95,79,10,62.5
25,10,31,12,2015,86,83,10,67.4
30,10,31,12,2015,81,74,10,66.9
35,10,31,12,2015,90,98,10,67
40,10,31,12,2015,86,82,10,60.4
45,10,31,12,2015,91,79,10,76.9
50,10,31,12,2015,85,71,10,58.5
55,10,31,12,2015,85,93,10,69.5
0,11,31,12,2015,97,96,10,62.3
5,11,31,12,2015,98,69,12.5,75.45
10,11,31,12,2015,98,71,12.5,69.45
15,11,31,12,2015,94,82,10,73.6
20,11,31,12,2015,86,62,10,65.4
25,11,31,12,2015,92,73,10,77.8
30,11,31,12,2015,83,99,10,68.7
35,11,31,12,2015,93,101,10,59.7
40,11,31,12,2015,89,65,10,57.1
45,11,31,12,2015,81,101,10,53.9
50,11,31,12,2015,99,75,10,75.1
55,11,31,12,2015,99,87,10,82.1
0,12,31,12,2015,91,97,10,74.9
5,12,31,12,2015,95,64,15,66
10,12,31,12,2015,98,84,10,70.2
15,12,31,12,2015,80,88,10,49
20,12,31,12,2015,91,69,10,66.9
25,12,31,12,2015,100,94,10,83
30,12,31,12,2015,99,79,10,76.1
35,12,31,12,2015,93,69,10,65.7
40,12,31,12,2015,95,77,10,70.5
45,12,31,12,2015,94,92,10,61.6
50,12,31,12,2015,95,70,10,62.5
55,12,31,12,2015,88,62,12.5,63.45
0,13,31,12,2015,96,87,10,71.4
5,13,31,12,2015,93,83,10,61.7
10,13,31,12,2015,84,99,10,64.6
15,13,31,12,2015,91,91,10,56.9
20,13,31,12,2015,91,101,10,67.9
25,13,31,12,2015,89,78,10,55.1
30,13,31,12,2015,95,98,10,80.5
35,13,31,12,2015,85,74,10,57.5
40,13,31,12,2015,85,73,10,57.5
45,13,31,12,2015,99,70,12.5,62.35
50,13,31,12,2015,85,71,10,70.5
55,13,31,12,2015,90,64,12.5,66.25
0,14,31,12,2015,86,88,10,62.4
5,14,31,12,2015,93,72,10,67.7
10,14,31,12,2015,98,85,10,69.2
15,14,31,12,2015,92,65,12.5,61.05
20,14,31,12,2015,80,66,10,62
25,14,31,12,2015,83,96,10,61.7
30,14,31,12,2015,93,76,10,68.7
35,14,31,12,2015,85,87,10,67.5
40,14,31,12,2015,93,98,10,77.7
45,14,31,12,2015,87,79,10,55.3
50,14,31,12,2015,98,62,17.5,52.95
55,14,31,12,2015,86,97,10,68.4
0,15,31,12,2015,95,85,10,65.5
5,15,31,12,2015,88,99,10,67.2
10,15,31,12,2015,95,75,10,66.5
15,15,31,12,2015,81,64,10,56.9
20,15,31,12,2015,93,101,10,66.7
25,15,31,12,2015,90,75,10,75
30,15,31,12,2015,88,98,10,54.2
35,15,31,12,2015,81,74,10,47.9
40,15,31,12,2015,91,71,10,60.9
45,15,31,12,2015,87,72,10,66.3
50,15,31,12,2015,93,68,10,60.7
55,15,31,12,2015,83,99,10,62.7
0,16,31,12,2015,92,96,10,68.8
5,16,31,12,2015,81,72,10,58.9
10,16,31,12,2015,96,85,10,63.4
15,16,31,12,2015,99,83,10,67.1
20,16,31,12,2015,82,99,10,53.8
25,16,31,12,2015,94,62,15,66.1
30,16,31,12,2015,94,84,10,63.6
35,16,31,12,2015,81,79,10,66.9
40,16,31,12,2015,94,77,10,65.6
45,16,31,12,2015,89,85,10,62.1
50,16,31,12,2015,90,97,10,56
55,16,31,12,2015,99,102,10,81.1
0,17,31,12,2015,171,136,12.5,127.15
5,17,31,12,2015,188,113,37.5,111.95
10,17,31,12,2015,172,111,30,116.8
15,17,31,12,2015,179,128,22.5,127.35
20,17,31,12,2015,185,116,32.5,122.75
25,17,31,12,2015,172,99,37.5,93.55
30,17,31,12,2015,179,104,37.5,106.85
35,17,31,12,2015,178,102,40,94.2
40,17,31,12,2015,173,104,35,100.2
45,17,31,12,2015,180,109,35,101.5
50,17,31,12,2015,177,132,17.5,141.05
55,17,31,12,2015,170,105,32.5,95.25
0,18,31,12,2015,86,101,10,61.4
5,18,31,12,2015,91,68,10,75.9
10,18,31,12,2015,97,76,10,68.3
15,18,31,12,2015,98,96,10,65.2
20,18,31,12,2015,84,67,10,64.6
25,18,31,12,2015,95,62,15,53
30,18,31,12,2015,82,63,10,52.8
35,18,31,12,2015,89,72,10,60.1
40,18,31,12,2015,87,67,10,54.3
45,18,31,12,2015,97,70,12.5,58.55
50,18,31,12,2015,80,77,10,61
55,18,31,12,2015,99,82,10,68.1
0,19,31,12,2015,91,74,10,56.9
5,19,31,12,2015,86,82,10,72.4
10,19,31,12,2015,90,67,10,71
15,19,31,12,2015,80,65,10,66
20,19,31,12,2015,93,70,10,77.7
25,19,31,12,2015,98,75,10,82.2
30,19,31,12,2015,96,87,10,63.4
35,19,31,12,2015,86,100,10,66.4
40,19,31,12,2015,93,70,10,60.7
45,19,31,12,2015,88,76,10,66.2
50,19,31,12,2015,84,75,10,61.6
55,19,31,12,2015,99,86,10,77.1
0,20,31,12,2015,124,78,22.5,79.85
5,20,31,12,2015,140,110,10,106
10,20,31,12,2015,126,90,15,91.9
15,20,31,12,2015,140,113,10,111
20,20,31,12,2015,135,114,10,104.5
25,20,31,12,2015,123,99,10,104.7
30,20,31,12,2015,134,98,15,92.1
35,20,31,12,2015,131,90,17.5,95.65
40,20,31,12,2015,123,113,10,105.7
45,20,31,12,2015,128,99,10,96.2
50,20,31,12,2015,125,112,10,96.5
55,20,31,12,2015,127,96,12.5,103.55
0,21,31,12,2015,91,87,10,60.9
5,21,31,12,2015,86,74,10,52.4
10,21,31,12,2015,88,69,10,65.2
15,21,31,12,2015,87,96,10,54.3
20,21,31,12,2015,97,94,10,74.3
25,21,31,12,2015,99,84,10,75.1
30,21,31,12,2015,82,94,10,56.8
35,21,31,12,2015,98,102,10,75.2
40,21,31,12,2015,89,89,10,71.1
45,21,31,12,2015,80,92,10,57
50,21,31,12,2015,98,98,10,79.2
55,21,31,12,2015,95,98,10,62.5
0,22,31,12,2015,90,70,10,60
5,22,31,12,2015,92,93,10,60.8
10,22,31,12,2015,81,90,10,47.9
15,22,31,12,2015,99,98,10,69.1
20,22,31,12,2015,84,98,10,66.6
25,22,31,12,2015,84,77,10,52.6
30,22,31,12,2015,89,68,10,63.1
35,22,31,12,2015,80,80,10,49
40,22,31,12,2015,83,62,10,57.7
45,22,31,12,2015,84,69,10,51.6
50,22,31,12,2015,87,84,10,62.3
55,22,31,12,2015,93,96,10,73.7
0,23,31,12,2015,113,106,10,95.7
5,23,31,12,2015,117,90,10,91.3
10,23,31,12,2015,130,75,27.5,83.75
15,23,31,12,2015,121,109,10,89.9
20,23,31,12,2015,129,110,10,93.1
25,23,31,12,2015,119,79,17.5,72.85
30,23,31,12,2015,128,78,25,81.7
35,23,31,12,2015,125,80,22.5,70.75
40,23,31,12,2015,127,95,12.5,99.55
45,23,31,12,2015,120,86,15,82.5
50,23,31,12,2015,123,101,10,96.7
55,23,31,12,2015,118,74,22.5,82.45
0,0,1,1,2016,65,70,10,42.5
5,0,1,1,2016,58,69,10,41.2
10,0,1,1,2016,75,53,10,60.5
15,0,1,1,2016,70,52,10,48
20,0,1,1,2016,63,74,10,35.7
25,0,1,1,2016,68,69,10,45.2
30,0,1,1,2016,72,53,10,39.8
35,0,1,1,2016,63,62,10,33.7
40,0,1,1,2016,63,85,10,46.7
45,0,1,1,2016,72,74,10,43.8
50,0,1,1,2016,59,85,10,39.1
55,0,1,1,2016,71,62,10,43.9
0,1,1,1,2016,55,77,10,43.5
5,1,1,1,2016,55,85,10,25.5
10,1,1,1,2016,64,74,10,39.6
15,1,1,1,2016,55,58,10,34.5
20,1,1,1,2016,66,87,10,46.4
25,1,1,1,2016,65,80,10,45.5
30,1,1,1,2016,70,90,10,50
35,1,1,1,2016,71,88,10,58.9
40,1,1,1,2016,56,67,10,30.4
45,1,1,1,2016,61,89,10,33.9
50,1,1,1,2016,74,56,10,58.6
55,1,1,1,2016,65,60,10,34.5
0,2,1,1,2016,72,90,10,56.8
5,2,1,1,2016,58,57,10,47.2
10,2,1,1,2016,62,52,10,43.8
15,2,1,1,2016,63,85,10,46.7
20,2,1,1,2016,66,53,10,50.4
25,2,1,1,2016,56,59,10,32.4
30,2,1,1,2016,57,73,10,38.3
35,2,1,1,2016,70,65,10,57
40,2,1,1,2016,55,62,10,39.5
45,2,1,1,2016,63,72,10,49.7
50,2,1,1,2016,75,89,10,50.5
55,2,1,1,2016,66,56,10,34.4
0,3,1,1,2016,68,88,10,53.2
5,3,1,1,2016,69,86,10,48.1
10,3,1,1,2016,65,72,10,48.5
15,3,1,1,2016,68,87,10,54.2
20,3,1,1,2016,66,79,10,45.4
25,3,1,1,2016,59,74,10,41.1
30,3,1,1,2016,65,74,10,53.5
35,3,1,1,2016,65,54,10,43.5
40,3,1,1,2016,63,54,10,47.7
45,3,1,1,2016,63,74,10,38.7
50,3,1,1,2016,70,71,10,53
55,3,1,1,2016,55,81,10,24.5
0,4,1,1,2016,64,57,10,42.6
5,4,1,1,2016,59,65,10,40.1
10,4,1,1,2016,67,83,10,50.3
15,4,1,1,2016,57,87,10,31.3
20,4,1,1,2016,74,71,10,53.6
25,4,1,1,2016,72,80,10,58.8
30,4,1,1,2016,75,78,10,47.5
35,4,1,1,2016,69,72,10,45.1
40,4,1,1,2016,65,64,10,50.5
45,4,1,1,2016,71,82,10,53.9
50,4,1,1,2016,59,68,10,30.1
55,4,1,1,2016,56,91,10,28.4
0,5,1,1,2016,71,77,10,47.9
5,5,1,1,2016,66,87,10,46.4
10,5,1,1,2016,71,76,10,45.9
15,5,1,1,2016,72,70,10,49.8
20,5,1,1,2016,72,71,10,39.8
25,5,1,1,2016,68,67,10,46.2
30,5,1,1,2016,59,71,10,39.1
35,5,1,1,2016,62,63,10,50.8
40,5,1,1,2016,65,55,10,33.5
45,5,1,1,2016,62,77,10,42.8
50,5,1,1,2016,72,83,10,39.8
55,5,1,1,2016,75,52,10,58.5
0,6,1,1,2016,107,100,10,91.3
5,6,1,1,2016,114,86,10,90.6
10,6,1,1,2016,115,108,10,86.5
15,6,1,1,2016,105,80,10,70.5
20,6,1,1,2016,100,97,10,76
25,6,1,1,2016,102,89,10,86.8
30,6,1,1,2016,116,102,10,86.4
35,6,1,1,2016,103,89,10,69.7
40,6,1,1,2016,105,87,10,70.5
45,6,1,1,2016,110,95,10,79
50,6,1,1,2016,117,70,22.5,75.55
55,6,1,1,2016,108,98,10,77.2
0,7,1,1,2016,105,78,10,82.5
5,7,1,1,2016,118,85,15,78.7
10,7,1,1,2016,106,88,10,88.4
15,7,1,1,2016,107,96,10,85.3
20,7,1,1,2016,106,108,10,85.4
25,7,1,1,2016,101,76,10,66.9
30,7,1,1,2016,118,99,10,97.2
35,7,1,1,2016,115,99,10,79.5
40,7,1,1,2016,107,104,10,79.3
45,7,1,1,2016,120,104,10,84
50,7,1,1,2016,109,89,10,76.1
55,7,1,1,2016,102,77,10,81.8
0,8,1,1,2016,201,110,47.5,102.65
5,8,1,1,2016,208,126,40,126.2
10,8,1,1,2016,199,133,30,134.1
15,8,1,1,2016,199,120,40,109.1
20,8,1,1,2016,203,129,35,139.2
25,8,1,1,2016,206,124,40,122.4
30,8,1,1,2016,200,125,37.5,132.75
35,8,1,1,2016,209,134,35,127.6
40,8,1,1,2016,191,143,20,148.9
45,8,1,1,2016,191,132,27.5,122.65
50,8,1,1,2016,199,111,45,107.6
55,8,1,1,2016,194,134,27.5,124.35
0,9,1,1,2016,101,96,10,67.9
5,9,1,1,2016,111,78,15,77.4
10,9,1,1,2016,101,109,10,85.9
15,9,1,1,2016,109,85,10,74.1
20,9,1,1,2016,107,99,10,83.3
25,9,1,1,2016,117,81,15,84.8
30,9,1,1,2016,120,84,15,93.5
35,9,1,1,2016,116,101,10,87.4
40,9,1,1,2016,103,75,12.5,71.95
45,9,1,1,2016,118,87,12.5,78.45
50,9,1,1,2016,108,102,10,82.2
55,9,1,1,2016,117,96,10,98.3
0,10,1,1,2016,107,71,17.5,74.05
5,10,1,1,2016,105,97,10,89.5
10,10,1,1,2016,108,91,10,86.2
15,10,1,1,2016,113,84,12.5,79.95
20,10,1,1,2016,110,96,10,93
25,10,1,1,2016,114,83,12.5,89.85
30,10,1,1,2016,101,103,10,82.9
35,10,1,1,2016,108,75,15,83.7
40,10,1,1,2016,102,75,10,75.8
45,10,1,1,2016,109,91,10,84.1
50,10,1,1,2016,101,83,10,85.9
55,10,1,1,2016,109,86,10,86.1
0,11,1,1,2016,113,75,17.5,85.45
5,11,1,1,2016,106,101,10,78.4
10,11,1,1,2016,106,87,10,77.4
15,11,1,1,2016,120,107,10,101
20,11,1,1,2016,114,87,10,80.6
25,11,1,1,2016,120,74,22.5,67.25
30,11,1,1,2016,120,99,10,100
35,11,1,1,2016,104,89,10,74.6
40,11,1,1,2016,105,91,10,71.5
45,11,1,1,2016,102,82,10,83.8
50,11,1,1,2016,114,102,10,96.6
55,11,1,1,2016,103,75,12.5,82.95
0,12,1,1,2016,104,100,10,78.6
5,12,1,1,2016,106,94,10,80.4
10,12,1,1,2016,112,79,15,79.3
15,12,1,1,2016,104,83,10,76.6
20,12,1,1,2016,100,90,10,82
25,12,1,1,2016,114,72,20,71.6
30,12,1,1,2016,112,90,10,89.8
35,12,1,1,2016,105,102,10,74.5
40,12,1,1,2016,111,83,12.5,91.15
45,12,1,1,2016,102,86,10,69.8
50,12,1,1,2016,102,101,10,66.8
55,12,1,1,2016,119,72,22.5,66.35
0,13,1,1,2016,120,82,17.5,80.75
5,13,1,1,2016,116,107,10,98.4
10,13,1,1,2016,120,83,17.5,90.75
15,13,1,1,2016,113,79,15,86.2
20,13,1,1,2016,112,76,17.5,82.55
25,13,1,1,2016,100,88,10,66
30,13,1,1,2016,116,77,17.5,80.15
35,13,1,1,2016,107,94,10,75.3
40,13,1,1,2016,104,98,10,74.6
45,13,1,1,2016,105,90,10,84.5
50,13,1,1,2016,107,98,10,85.3
55,13,1,1,2016,102,108,10,82.8
0,14,1,1,2016,118,100,10,82.2
5,14,1,1,2016,119,100,10,94.1
10,14,1,1,2016,106,95,10,81.4
15,14,1,1,2016,111,96,10,82.9
20,14,1,1,2016,118,110,10,101.2
25,14,1,1,2016,114,73,20,65.6
30,14,1,1,2016,110,71,17.5,82.75
35,14,1,1,2016,103,98,10,70.7
40,14,1,1,2016,107,79,12.5,86.55
45,14,1,1,2016,104,92,10,73.6
50,14,1,1,2016,120,87,15,91.5
55,14,1,1,2016,106,73,15,67.9
0,15,1,1,2016,113,107,10,78.7
5,15,1,1,2016,112,77,15,72.3
10,15,1,1,2016,108,91,10,91.2
15,15,1,1,2016,107,72,15,73.8
20,15,1,1,2016,106,80,10,87.4
25,15,1,1,2016,119,74,22.5,79.35
30,15,1,1,2016,120,107,10,83
35,15,1,1,2016,104,75,12.5,75.85
40,15,1,1,2016,119,73,22.5,78.35
45,15,1,1,2016,105,84,10,69.5
50,15,1,1,2016,115,95,10,89.5
55,15,1,1,2016,118,84,15,73.7
0,16,1,1,2016,110,82,12.5,77.25
5,16,1,1,2016,104,97,10,73.6
10,16,1,1,2016,100,101,10,81
15,16,1,1,2016,120,86,15,94.5
20,16,1,1,2016,118,91,10,83.2
25,16,1,1,2016,107,86,10,83.3
30,16,1,1,2016,109,89,10,93.1
35,16,1,1,2016,107,106,10,72.3
40,16,1,1,2016,106,85,10,76.4
45,16,1,1,2016,120,72,25,70.5
50,16,1,1,2016,100,77,10,70
55,16,1,1,2016,105,87,10,88.5
0,17,1,1,2016,205,130,37.5,120.25
5,17,1,1,2016,206,109,50,118.4
10,17,1,1,2016,201,132,32.5,141.15
15,17,1,1,2016,199,111,45,113.6
20,17,1,1,2016,200,112,45,107.5
25,17,1,1,2016,210,125,42.5,129.25
30,17,1,1,2016,195,123,35,120
35,17,1,1,2016,209,107,55,109.6
40,17,1,1,2016,209,119,45,112.6
45,17,1,1,2016,201,116,42.5,110.15
50,17,1,1,2016,203,129,35,126.2
55,17,1,1,2016,202,143,25,154.3
0,18,1,1,2016,106,74,15,79.9
5,18,1,1,2016,103,81,10,77.7
10,18,1,1,2016,100,87,10,76
15,18,1,1,2016,107,103,10,81.3
20,18,1,1,2016,101,79,10,79.9
25,18,1,1,2016,106,80,10,71.4
30,18,1,1,2016,102,90,10,71.8
35,18,1,1,2016,106,97,10,90.4
40,18,1,1,2016,111,105,10,75.9
45,18,1,1,2016,112,85,10,88.8
50,18,1,1,2016,116,73,20,82.4
55,18,1,1,2016,104,83,10,73.6
0,19,1,1,2016,103,100,10,68.7
5,19,1,1,2016,114,88,10,78.6
10,19,1,1,2016,112,71,20,80.8
15,19,1,1,2016,109,103,10,84.1
20,19,1,1,2016,107,107,10,80.3
25,19,1,1,2016,105,82,10,74.5
30,19,1,1,2016,116,107,10,97.4
35,19,1,1,2016,109,83,10,89.1
40,19,1,1,2016,119,79,17.5,88.85
45,19,1,1,2016,104,100,10,84.6
50,19,1,1,2016,107,103,10,74.3
55,19,1,1,2016,110,110,10,80
0,20,1,1,2016,153,92,30,82.7
5,20,1,1,2016,150,88,32.5,81.25
10,20,1,1,2016,158,99,30,102.2
15,20,1,1,2016,154,96,27.5,99.35
20,20,1,1,2016,155,112,17.5,114.25
25,20,1,1,2016,159,100,27.5,109.85
30,20,1,1,2016,140,104,15,97.5
35,20,1,1,2016,155,103,25,102
40,20,1,1,2016,145,118,10,122.5
45,20,1,1,2016,156,87,35,86.9
50,20,1,1,2016,140,106,12.5,99.25
55,20,1,1,2016,157,87,35,95.8
0,21,1,1,2016,119,97,10,93.1
5,21,1,1,2016,105,77,12.5,66.75
10,21,1,1,2016,119,83,15,90.6
15,21,1,1,2016,117,70,22.5,70.55
20,21,1,1,2016,108,106,10,85.2
25,21,1,1,2016,102,82,10,85.8
30,21,1,1,2016,105,81,10,76.5
35,21,1,1,2016,114,102,10,84.6
40,21,1,1,2016,101,74,12.5,70.15
45,21,1,1,2016,117,101,10,99.3
50,21,1,1,2016,116,96,10,88.4
55,21,1,1,2016,112,89,10,93.8
0,22,1,1,2016,101,70,15,61.4
5,22,1,1,2016,110,72,17.5,64.75
10,22,1,1,2016,114,92,10,97.6
15,22,1,1,2016,110,102,10,74
20,22,1,1,2016,114,94,10,82.6
25,22,1,1,2016,113,93,10,87.7
30,22,1,1,2016,117,80,17.5,85.05
35,22,1,1,2016,118,73,22.5,65.45
40,22,1,1,2016,100,100,10,75
45,22,1,1,2016,108,92,10,91.2
50,22,1,1,2016,106,94,10,78.4
55,22,1,1,2016,104,106,10,72.6
0,23,1,1,2016,136,121,10,112.4
5,23,1,1,2016,137,122,10,111.3
10,23,1,1,2016,140,103,15,103.5
15,23,1,1,2016,137,99,15,97.8
20,23,1,1,2016,141,116,10,112.9
25,23,1,1,2016,141,108,12.5,104.15
30,23,1,1,2016,139,99,17.5,88.85
35,23,1,1,2016,145,118,10,117.5
40,23,1,1,2016,148,100,22.5,89.45
45,23,1,1,2016,140,111,10,112
50,23,1,1,2016,144,103,17.5,99.35
55,23,1,1,2016,135,91,20,83.5
0,0,2,1,2016,40,61,10,14
5,0,2,1,2016,55,56,10,25.5
10,0,2,1,2016,43,60,10,24.7
15,0,2,1,2016,52,74,10,21.8
20,0,2,1,2016,55,78,10,40.5
25,0,2,1,2016,37,79,10,16.3
30,0,2,1,2016,47,57,10,29.3
35,0,2,1,2016,38,77,10,9.2
40,0,2,1,2016,43,77,10,28.7
45,0,2,1,2016,36,54,10,16.4
50,0,2,1,2016,49,62,10,26.1
55,0,2,1,2016,40,76,10,30
0,1,2,1,2016,44,78,10,24.6
5,1,2,1,2016,49,59,10,23.1
10,1,2,1,2016,52,69,10,34.8
15,1,2,1,2016,49,61,10,27.1
20,1,2,1,2016,43,57,10,29.7
25,1,2,1,2016,54,81,10,29.6
30,1,2,1,2016,45,51,10,17.5
35,1,2,1,2016,45,73,10,22.5
40,1,2,1,2016,35,78,10,10.5
45,1,2,1,2016,53,75,10,36.7
50,1,2,1,2016,51,69,10,34.9
55,1,2,1,2016,47,54,10,20.3
0,2,2,1,2016,35,80,10,13.5
5,2,2,1,2016,54,69,10,37.6
10,2,2,1,2016,49,45,10,37.1
15,2,2,1,2016,47,48,10,24.3
20,2,2,1,2016,49,63,10,36.1
25,2,2,1,2016,53,54,10,33.7
30,2,2,1,2016,54,71,10,42.6
35,2,2,1,2016,43,63,10,25.7
40,2,2,1,2016,38,45,10,28.2
45,2,2,1,2016,49,49,10,20.1
50,2,2,1,2016,46,82,10,24.4
55,2,2,1,2016,41,72,10,19.9
0,3,2,1,2016,41,81,10,15.9
5,3,2,1,2016,42,63,10,23.8
10,3,2,1,2016,43,44,10,21.7
15,3,2,1,2016,47,57,10,18.3
20,3,2,1,2016,37,80,10,25.3
25,3,2,1,2016,51,47,10,30.9
30,3,2,1,2016,51,76,10,28.9
35,3,2,1,2016,50,51,10,33
40,3,2,1,2016,48,54,10,38.2
45,3,2,1,2016,39,81,10,11.1
50,3,2,1,2016,50,56,10,37
55,3,2,1,2016,38,71,10,25.2
0,4,2,1,2016,41,75,10,20.9
5,4,2,1,2016,54,79,10,41.6
10,4,2,1,2016,39,73,10,27.1
15,4,2,1,2016,37,60,10,9.3
20,4,2,1,2016,38,65,10,19.2
25,4,2,1,2016,47,72,10,22.3
30,4,2,1,2016,43,63,10,30.7
35,4,2,1,2016,46,45,10,19.4
40,4,2,1,2016,37,54,10,20.3
45,4,2,1,2016,51,63,10,21.9
50,4,2,1,2016,51,66,10,30.9
55,4,2,1,2016,55,44,10,33.5
0,5,2,1,2016,52,69,10,40.8
5,5,2,1,2016,55,50,10,43.5
10,5,2,1,2016,37,75,10,22.3
15,5,2,1,2016,50,82,10,33
20,5,2,1,2016,52,48,10,40.8
25,5,2,1,2016,40,71,10,20
30,5,2,1,2016,36,60,10,26.4
35,5,2,1,2016,38,75,10,18.2
40,5,2,1,2016,54,76,10,29.6
45,5,2,1,2016,45,63,10,21.5
50,5,2,1,2016,48,81,10,38.2
55,5,2,1,2016,45,79,10,18.5
0,6,2,1,2016,84,93,10,62.6
5,6,2,1,2016,92,99,10,68.8
10,6,2,1,2016,83,96,10,51.7
15,6,2,1,2016,100,88,10,70
20,6,2,1,2016,85,101,10,70.5
25,6,2,1,2016,84,66,10,66.6
30,6,2,1,2016,81,64,10,50.9
35,6,2,1,2016,95,94,10,71.5
40,6,2,1,2016,97,100,10,62.3
45,6,2,1,2016,81,102,10,55.9
50,6,2,1,2016,84,97,10,52.6
55,6,2,1,2016,91,96,10,69.9
0,7,2,1,2016,88,71,10,58.2
5,7,2,1,2016,83,80,10,59.7
10,7,2,1,2016,94,85,10,63.6
15,7,2,1,2016,90,87,10,57
20,7,2,1,2016,97,83,10,71.3
25,7,2,1,2016,80,62,10,48
30,7,2,1,2016,98,95,10,79.2
35,7,2,1,2016,99,84,10,75.1
40,7,2,1,2016,92,64,12.5,59.05
45,7,2,1,2016,100,87,10,67
50,7,2,1,2016,97,98,10,75.3
55,7,2,1,2016,95,80,10,72.5
0,8,2,1,2016,190,123,32.5,131.25
5,8,2,1,2016,173,123,22.5,120.95
10,8,2,1,2016,189,138,22.5,144.35
15,8,2,1,2016,177,118,27.5,109.05
20,8,2,1,2016,170,120,22.5,128.25
25,8,2,1,2016,175,130,17.5,122.25
30,8,2,1,2016,170,105,32.5,98.25
35,8,2,1,2016,183,100,42.5,98.95
40,8,2,1,2016,184,121,30,118.6
45,8,2,1,2016,174,111,30,106.6
50,8,2,1,2016,182,120,30,116.8
55,8,2,1,2016,172,111,30,118.8
0,9,2,1,2016,90,87,10,72
5,9,2,1,2016,100,66,15,60.5
10,9,2,1,2016,81,83,10,55.9
15,9,2,1,2016,81,67,10,47.9
20,9,2,1,2016,84,77,10,66.6
25,9,2,1,2016,93,94,10,66.7
30,9,2,1,2016,89,68,10,65.1
35,9,2,1,2016,83,96,10,69.7
40,9,2,1,2016,81,86,10,64.9
45,9,2,1,2016,96,100,10,65.4
50,9,2,1,2016,88,62,12.5,54.45
55,9,2,1,2016,97,85,10,66.3
0,10,2,1,2016,89,68,10,58.1
5,10,2,1,2016,92,98,10,63.8
10,10,2,1,2016,87,90,10,62.3
15,10,2,1,2016,84,89,10,63.6
20,10,2,1,2016,80,84,10,51
25,10,2,1,2016,94,87,10,68.6
30,10,2,1,2016,97,86,10,80.3
35,10,2,1,2016,92,101,10,60.8
40,10,2,1,2016,90,67,10,59
45,10,2,1,2016,95,101,10,74.5
50,10,2,1,2016,99,63,17.5,66.85
55,10,2,1,2016,83,79,10,63.7
0,11,2,1,2016,81,102,10,66.9
5,11,2,1,2016,88,70,10,60.2
10,11,2,1,2016,96,74,10,76.4
15,11,2,1,2016,89,94,10,73.1
20,11,2,1,2016,83,64,10,61.7
25,11,2,1,2016,83,64,10,57.7
30,11,2,1,2016,93,77,10,62.7
35,11,2,1,2016,99,72,12.5,78.35
40,11,2,1,2016,87,72,10,60.3
45,11,2,1,2016,90,93,10,68
50,11,2,1,2016,95,81,10,74.5
55,11,2,1,2016,92,73,10,69.8
0,12,2,1,2016,86,97,10,64.4
5,12,2,1,2016,82,99,10,48.8
10,12,2,1,2016,92,75,10,76.8
15,12,2,1,2016,100,94,10,75
20,12,2,1,2016,100,67,15,65.5
25,12,2,1,2016,80,75,10,47
30,12,2,1,2016,81,63,10,57.9
35,12,2,1,2016,86,72,10,67.4
40,12,2,1,2016,81,65,10,53.9
45,12,2,1,2016,87,86,10,69.3
50,12,2,1,2016,93,92,10,70.7
55,12,2,1,2016,92,98,10,64.8
0,13,2,1,2016,96,102,10,81.4
5,13,2,1,2016,82,80,10,67.8
10,13,2,1,2016,82,98,10,54.8
15,13,2,1,2016,88,69,10,70.2
20,13,2,1,2016,96,82,10,76.4
25,13,2,1,2016,98,101,10,82.2
30,13,2,1,2016,99,93,10,82.1
35,13,2,1,2016,89,73,10,66.1
40,13,2,1,2016,87,79,10,68.3
45,13,2,1,2016,86,79,10,55.4
50,13,2,1,2016,85,96,10,51.5
55,13,2,1,2016,86,73,10,72.4
0,14,2,1,2016,91,93,10,70.9
5,14,2,1,2016,91,76,10,59.9
10,14,2,1,2016,88,98,10,61.2
15,14,2,1,2016,81,85,10,64.9
20,14,2,1,2016,97,102,10,73.3
25,14,2,1,2016,83,67,10,59.7
30,14,2,1,2016,82,80,10,52.8
35,14,2,1,2016,100,84,10,66
40,14,2,1,2016,99,86,10,76.1
45,14,2,1,2016,94,102,10,62.6
50,14,2,1,2016,80,94,10,49
55,14,2,1,2016,99,89,10,79.1
0,15,2,1,2016,98,89,10,83.2
5,15,2,1,2016,81,90,10,51.9
10,15,2,1,2016,94,77,10,76.6
15,15,2,1,2016,99,72,12.5,77.35
20,15,2,1,2016,99,67,15,57.6
25,15,2,1,2016,94,77,10,72.6
30,15,2,1,2016,94,64,12.5,72.85
35,15,2,1,2016,98,68,12.5,73.45
40,15,2,1,2016,99,71,12.5,70.35
45,15,2,1,2016,93,80,10,67.7
50,15,2,1,2016,89,95,10,62.1
55,15,2,1,2016,89,98,10,55.1
0,16,2,1,2016,91,63,12.5,64.15
5,16,2,1,2016,81,79,10,58.9
10,16,2,1,2016,88,69,10,70.2
15,16,2,1,2016,82,67,10,55.8
20,16,2,1,2016,91,67,10,58.9
25,16,2,1,2016,98,73,10,77.2
30,16,2,1,2016,98,87,10,82.2
35,16,2,1,2016,93,66,12.5,69.95
40,16,2,1,2016,83,85,10,54.7
45,16,2,1,2016,99,70,12.5,65.35
50,16,2,1,2016,90,81,10,57
55,16,2,1,2016,88,93,10,62.2
0,17,2,1,2016,178,120,27.5,126.95
5,17,2,1,2016,170,108,30,103
10,17,2,1,2016,190,137,22.5,145.25
15,17,2,1,2016,173,103,35,105.2
20,17,2,1,2016,187,114,35,117.8
25,17,2,1,2016,183,132,22.5,120.95
30,17,2,1,2016,188,109,40,99.2
35,17,2,1,2016,170,123,20,114
40,17,2,1,2016,172,114,27.5,113.55
45,17,2,1,2016,181,111,35,103.4
50,17,2,1,2016,179,124,25,123.6
55,17,2,1,2016,190,99,47.5,105.75
0,18,2,1,2016,98,101,10,77.2
5,18,2,1,2016,82,96,10,65.8
10,18,2,1,2016,81,84,10,62.9
15,18,2,1,2016,80,62,10,58
20,18,2,1,2016,86,71,10,60.4
25,18,2,1,2016,95,83,10,68.5
30,18,2,1,2016,100,92,10,82
35,18,2,1,2016,90,90,10,56
40,18,2,1,2016,85,82,10,59.5
45,18,2,1,2016,98,69,12.5,63.45
50,18,2,1,2016,85,89,10,63.5
55,18,2,1,2016,80,100,10,60
0,19,2,1,2016,84,82,10,61.6
5,19,2,1,2016,94,81,10,71.6
10,19,2,1,2016,95,75,10,77.5
15,19,2,1,2016,91,94,10,58.9
20,19,2,1,2016,95,81,10,64.5
25,19,2,1,2016,89,65,10,59.1
30,19,2,1,2016,100,80,10,78
35,19,2,1,2016,89,91,10,63.1
40,19,2,1,2016,100,79,10,71
45,19,2,1,2016,95,101,10,78.5
50,19,2,1,2016,98,99,10,68.2
55,19,2,1,2016,99,69,12.5,73.35
0,20,2,1,2016,130,99,12.5,107.25
5,20,2,1,2016,133,83,25,81.2
10,20,2,1,2016,129,101,10,94.1
15,20,2,1,2016,122,102,10,87.8
20,20,2,1,2016,131,116,10,101.9
25,20,2,1,2016,126,83,20,73.4
30,20,2,1,2016,120,98,10,103
35,20,2,1,2016,123,116,10,85.7
40,20,2,1,2016,122,115,10,104.8
45,20,2,1,2016,133,96,15,92.2
50,20,2,1,2016,139,112,10,100.1
55,20,2,1,2016,134,105,10,115.6
0,21,2,1,2016,82,97,10,48.8
5,21,2,1,2016,87,80,10,71.3
10,21,2,1,2016,81,65,10,50.9
15,21,2,1,2016,87,68,10,53.3
20,21,2,1,2016,84,68,10,61.6
25,21,2,1,2016,93,100,10,66.7
30,21,2,1,2016,83,91,10,61.7
35,21,2,1,2016,82,90,10,62.8
40,21,2,1,2016,97,85,10,67.3
45,21,2,1,2016,94,67,12.5,58.85
50,21,2,1,2016,97,90,10,76.3
55,21,2,1,2016,84,69,10,56.6
0,22,2,1,2016,82,64,10,55.8
5,22,2,1,2016,82,92,10,58.8
10,22,2,1,2016,96,65,15,59.9
15,22,2,1,2016,84,88,10,61.6
20,22,2,1,2016,80,73,10,59
25,22,2,1,2016,81,85,10,51.9
30,22,2,1,2016,86,72,10,52.4
35,22,2,1,2016,80,81,10,52
40,22,2,1,2016,88,80,10,68.2
45,22,2,1,2016,87,95,10,71.3
50,22,2,1,2016,90,73,10,56
55,22,2,1,2016,97,64,15,63.8
0,23,2,1,2016,115,91,10,95.5
5,23,2,1,2016,112,105,10,82.8
10,23,2,1,2016,117,91,10,87.3
15,23,2,1,2016,123,81,20,86.7
20,23,2,1,2016,122,101,10,85.8
25,23,2,1,2016,111,103,10,83.9
30,23,2,1,2016,129,104,10,104.1
35,23,2,1,2016,123,81,20,81.7
40,23,2,1,2016,121,85,15,96.4
45,23,2,1,2016,114,96,10,82.6
50,23,2,1,2016,111,79,15,82.4
55,23,2,1,2016,116,80,17.5,76.15
0,0,3,1,2016,41,53,10,30.9
5,0,3,1,2016,35,48,10,20.5
10,0,3,1,2016,42,59,10,23.8
15,0,3,1,2016,44,46,10,32.6
20,0,3,1,2016,41,83,10,29.9
25,0,3,1,2016,40,72,10,17
30,0,3,1,2016,45,61,10,28.5
35,0,3,1,2016,41,52,10,15.9
40,0,3,1,2016,47,59,10,21.3
45,0,3,1,2016,37,47,10,20.3
50,0,3,1,2016,50,51,10,26
55,0,3,1,2016,48,58,10,38.2
0,1,3,1,2016,40,77,10,16
5,1,3,1,2016,41,56,10,19.9
10,1,3,1,2016,41,75,10,30.9
15,1,3,1,2016,44,65,10,25.6
20,1,3,1,2016,44,65,10,27.6
25,1,3,1,2016,46,79,10,18.4
30,1,3,1,2016,48,50,10,19.2
35,1,3,1,2016,55,67,10,39.5
40,1,3,1,2016,42,77,10,23.8
45,1,3,1,2016,46,78,10,35.4
50,1,3,1,2016,42,60,10,17.8
55,1,3,1,2016,49,47,10,31.1
0,2,3,1,2016,42,83,10,16.8
5,2,3,1,2016,39,53,10,29.1
10,2,3,1,2016,38,69,10,20.2
15,2,3,1,2016,52,73,10,28.8
20,2,3,1,2016,53,63,10,23.7
25,2,3,1,2016,43,74,10,25.7
30,2,3,1,2016,52,63,10,28.8
35,2,3,1,2016,39,59,10,12.1
40,2,3,1,2016,48,61,10,27.2
45,2,3,1,2016,45,56,10,29.5
50,2,3,1,2016,43,55,10,21.7
55,2,3,1,2016,55,64,10,40.5
0,3,3,1,2016,49,45,10,35.1
5,3,3,1,2016,54,54,10,40.6
10,3,3,1,2016,35,68,10,9.5
15,3,3,1,2016,42,58,10,32.8
20,3,3,1,2016,35,74,10,16.5
25,3,3,1,2016,45,74,10,24.5
30,3,3,1,2016,50,46,10,37
35,3,3,1,2016,52,51,10,41.8
40,3,3,1,2016,36,46,10,9.4
45,3,3,1,2016,48,62,10,18.2
50,3,3,1,2016,47,51,10,30.3
55,3,3,1,2016,55,50,10,41.5
0,4,3,1,2016,47,51,10,18.3
5,4,3,1,2016,42,52,10,17.8
10,4,3,1,2016,37,45,10,8.3
15,4,3,1,2016,52,52,10,40.8
20,4,3,1,2016,40,79,10,26
25,4,3,1,2016,42,79,10,30.8
30,4,3,1,2016,55,63,10,40.5
35,4,3,1,2016,40,57,10,18
40,4,3,1,2016,37,58,10,17.3
45,4,3,1,2016,43,66,10,18.7
50,4,3,1,2016,54,81,10,39.6
55,4,3,1,2016,55,59,10,36.5
0,5,3,1,2016,51,68,10,36.9
5,5,3,1,2016,47,83,10,25.3
10,5,3,1,2016,55,67,10,27.5
15,5,3,1,2016,50,84,10,33
20,5,3,1,2016,46,76,10,26.4
25,5,3,1,2016,37,75,10,19.3
30,5,3,1,2016,37,61,10,27.3
35,5,3,1,2016,41,51,10,21.9
40,5,3,1,2016,55,46,10,40.5
45,5,3,1,2016,43,73,10,20.7
50,5,3,1,2016,37,54,10,28.3
55,5,3,1,2016,52,60,10,33.8
0,6,3,1,2016,95,96,10,72.5
5,6,3,1,2016,99,85,10,73.1
10,6,3,1,2016,90,102,10,73
15,6,3,1,2016,84,75,10,54.6
20,6,3,1,2016,88,75,10,63.2
25,6,3,1,2016,88,97,10,61.2
30,6,3,1,2016,95,98,10,80.5
35,6,3,1,2016,96,94,10,62.4
40,6,3,1,2016,95,78,10,75.5
45,6,3,1,2016,88,70,10,65.2
50,6,3,1,2016,89,74,10,55.1
55,6,3,1,2016,94,97,10,62.6
0,7,3,1,2016,83,95,10,55.7
5,7,3,1,2016,92,98,10,68.8
10,7,3,1,2016,94,68,10,69.6
15,7,3,1,2016,86,79,10,64.4
20,7,3,1,2016,83,90,10,52.7
25,7,3,1,2016,94,85,10,67.6
30,7,3,1,2016,82,80,10,59.8
35,7,3,1,2016,86,70,10,70.4
40,7,3,1,2016,85,92,10,54.5
45,7,3,1,2016,89,66,10,70.1
50,7,3,1,2016,99,88,10,72.1
55,7,3,1,2016,92,90,10,74.8
0,8,3,1,2016,186,122,30,115.4
5,8,3,1,2016,186,112,37.5,113.15
10,8,3,1,2016,182,102,40,101.8
15,8,3,1,2016,188,136,22.5,125.45
20,8,3,1,2016,177,105,35,112.8
25,8,3,1,2016,185,120,30,131.5
30,8,3,1,2016,188,135,22.5,135.45
35,8,3,1,2016,177,129,20,139.3
40,8,3,1,2016,172,133,15,125.3
45,8,3,1,2016,170,101,35,110.5
50,8,3,1,2016,180,127,22.5,132.25
55,8,3,1,2016,176,122,25,110.9
0,9,3,1,2016,86,80,10,56.4
5,9,3,1,2016,96,83,10,67.4
10,9,3,1,2016,84,76,10,61.6
15,9,3,1,2016,86,90,10,53.4
20,9,3,1,2016,86,97,10,61.4
25,9,3,1,2016,92,84,10,63.8
30,9,3,1,2016,92,97,10,63.8
35,9,3,1,2016,96,73,10,81.4
40,9,3,1,2016,80,63,10,54
45,9,3,1,2016,89,63,12.5,63.35
50,9,3,1,2016,98,96,10,70.2
55,9,3,1,2016,84,99,10,58.6
0,10,3,1,2016,82,78,10,68.8
5,10,3,1,2016,99,92,10,77.1
10,10,3,1,2016,94,97,10,67.6
15,10,3,1,2016,83,95,10,63.7
20,10,3,1,2016,90,75,10,67
25,10,3,1,2016,100,83,10,83
30,10,3,1,2016,84,88,10,69.6
35,10,3,1,2016,82,93,10,54.8
40,10,3,1,2016,80,71,10,59
45,10,3,1,2016,92,96,10,75.8
50,10,3,1,2016,92,91,10,59.8
55,10,3,1,2016,88,65,10,69.2
0,11,3,1,2016,89,101,10,60.1
5,11,3,1,2016,90,95,10,75
10,11,3,1,2016,95,89,10,74.5
15,11,3,1,2016,90,62,12.5,65.25
20,11,3,1,2016,88,90,10,60.2
25,11,3,1,2016,85,64,10,56.5
30,11,3,1,2016,88,96,10,61.2
35,11,3,1,2016,87,76,10,69.3
40,11,3,1,2016,83,91,10,63.7
45,11,3,1,2016,98,72,10,74.2
50,11,3,1,2016,94,70,10,68.6
55,11,3,1,2016,96,84,10,78.4
0,12,3,1,2016,89,89,10,56.1
5,12,3,1,2016,86,87,10,56.4
10,12,3,1,2016,81,92,10,47.9
15,12,3,1,2016,88,81,10,67.2
20,12,3,1,2016,92,97,10,74.8
25,12,3,1,2016,91,71,10,70.9
30,12,3,1,2016,98,95,10,70.2
35,12,3,1,2016,94,77,10,64.6
40,12,3,1,2016,94,81,10,69.6
45,12,3,1,2016,81,71,10,67.9
50,12,3,1,2016,97,97,10,75.3
55,12,3,1,2016,83,68,10,56.7
0,13,3,1,2016,99,94,10,65.1
5,13,3,1,2016,89,98,10,74.1
10,13,3,1,2016,91,88,10,67.9
15,13,3,1,2016,87,100,10,55.3
20,13,3,1,2016,83,91,10,54.7
25,13,3,1,2016,87,88,10,64.3
30,13,3,1,2016,99,76,10,69.1
35,13,3,1,2016,94,63,15,63.1
40,13,3,1,2016,91,63,12.5,63.15
45,13,3,1,2016,80,101,10,56
50,13,3,1,2016,98,92,10,72.2
55,13,3,1,2016,84,96,10,70.6
0,14,3,1,2016,92,88,10,61.8
5,14,3,1,2016,97,79,10,63.3
10,14,3,1,2016,91,97,10,64.9
15,14,3,1,2016,90,85,10,56
20,14,3,1,2016,90,85,10,58
25,14,3,1,2016,86,86,10,68.4
30,14,3,1,2016,87,66,10,66.3
35,14,3,1,2016,80,65,10,65
40,14,3,1,2016,84,92,10,56.6
45,14,3,1,2016,95,93,10,79.5
50,14,3,1,2016,80,66,10,55
55,14,3,1,2016,87,81,10,58.3
0,15,3,1,2016,96,87,10,65.4
5,15,3,1,2016,86,77,10,63.4
10,15,3,1,2016,96,71,10,81.4
15,15,3,1,2016,98,70,12.5,66.45
20,15,3,1,2016,82,79,10,67.8
25,15,3,1,2016,91,97,10,56.9
30,15,3,1,2016,99,85,10,81.1
35,15,3,1,2016,85,80,10,68.5
40,15,3,1,2016,97,102,10,62.3
45,15,3,1,2016,81,91,10,53.9
50,15,3,1,2016,97,89,10,78.3
55,15,3,1,2016,98,101,10,77.2
0,16,3,1,2016,83,95,10,67.7
5,16,3,1,2016,90,74,10,61
10,16,3,1,2016,90,88,10,57
15,16,3,1,2016,87,66,10,60.3
20,16,3,1,2016,96,102,10,70.4
25,16,3,1,2016,89,92,10,56.1
30,16,3,1,2016,80,81,10,54
35,16,3,1,2016,95,96,10,63.5
40,16,3,1,2016,100,89,10,68
45,16,3,1,2016,96,95,10,69.4
50,16,3,1,2016,100,77,10,77
55,16,3,1,2016,83,64,10,51.7
0,17,3,1,2016,176,119,27.5,127.15
5,17,3,1,2016,180,120,27.5,127.75
10,17,3,1,2016,175,102,37.5,94.25
15,17,3,1,2016,183,106,40,98.7
20,17,3,1,2016,176,113,30,119.4
25,17,3,1,2016,171,103,35,93.4
30,17,3,1,2016,186,106,40,100.4
35,17,3,1,2016,180,128,22.5,129.25
40,17,3,1,2016,189,124,30,125.1
45,17,3,1,2016,186,129,25,125.9
50,17,3,1,2016,175,107,32.5,100.75
55,17,3,1,2016,188,110,40,104.2
0,18,3,1,2016,88,99,10,69.2
5,18,3,1,2016,99,89,10,77.1
10,18,3,1,2016,91,65,12.5,68.15
15,18,3,1,2016,86,100,10,72.4
20,18,3,1,2016,92,75,10,68.8
25,18,3,1,2016,92,67,10,74.8
30,18,3,1,2016,92,86,10,71.8
35,18,3,1,2016,83,86,10,49.7
40,18,3,1,2016,89,81,10,56.1
45,18,3,1,2016,98,74,10,78.2
50,18,3,1,2016,92,69,10,70.8
55,18,3,1,2016,93,72,10,61.7
0,19,3,1,2016,84,90,10,56.6
5,19,3,1,2016,88,102,10,54.2
10,19,3,1,2016,100,75,10,80
15,19,3,1,2016,81,87,10,52.9
20,19,3,1,2016,90,93,10,61
25,19,3,1,2016,89,87,10,65.1
30,19,3,1,2016,97,96,10,74.3
35,19,3,1,2016,85,76,10,71.5
40,19,3,1,2016,99,72,12.5,80.35
45,19,3,1,2016,89,71,10,74.1
50,19,3,1,2016,99,100,10,72.1
55,19,3,1,2016,84,75,10,54.6
0,20,3,1,2016,122,115,10,88.8
5,20,3,1,2016,133,108,10,101.7
10,20,3,1,2016,129,94,15,93.6
15,20,3,1,2016,136,104,12.5,100.65
20,20,3,1,2016,138,83,27.5,80.95
25,20,3,1,2016,131,118,10,98.9
30,20,3,1,2016,127,118,10,103.3
35,20,3,1,2016,130,114,10,100
40,20,3,1,2016,134,103,12.5,110.85
45,20,3,1,2016,138,94,20,84.2
50,20,3,1,2016,133,79,27.5,79.45
55,20,3,1,2016,121,90,12.5,82.15
0,21,3,1,2016,95,72,10,72.5
5,21,3,1,2016,94,91,10,74.6
10,21,3,1,2016,94,101,10,66.6
15,21,3,1,2016,91,92,10,75.9
20,21,3,1,2016,88,95,10,56.2
25,21,3,1,2016,99,82,10,71.1
30,21,3,1,2016,97,101,10,62.3
35,21,3,1,2016,81,92,10,63.9
40,21,3,1,2016,91,87,10,66.9
45,21,3,1,2016,87,79,10,71.3
50,21,3,1,2016,100,66,15,74.5
55,21,3,1,2016,94,69,10,65.6
0,22,3,1,2016,96,80,10,72.4
5,22,3,1,2016,99,80,10,73.1
10,22,3,1,2016,96,101,10,70.4
15,22,3,1,2016,95,73,10,76.5
20,22,3,1,2016,89,82,10,67.1
25,22,3,1,2016,86,96,10,63.4
30,22,3,1,2016,81,78,10,57.9
35,22,3,1,2016,100,62,17.5,63.75
40,22,3,1,2016,84,84,10,59.6
45,22,3,1,2016,80,69,10,51
50,22,3,1,2016,91,66,10,75.9
55,22,3,1,2016,90,70,10,58
0,23,3,1,2016,118,88,12.5,78.45
5,23,3,1,2016,120,101,10,90
10,23,3,1,2016,118,107,10,85.2
15,23,3,1,2016,116,96,10,89.4
20,23,3,1,2016,118,83,15,76.7
25,23,3,1,2016,126,87,17.5,83.15
30,23,3,1,2016,113,96,10,96.7
35,23,3,1,2016,115,90,10,88.5
40,23,3,1,2016,123,112,10,105.7
45,23,3,1,2016,113,81,15,69.2
50,23,3,1,2016,128,87,20,82.2
55,23,3,1,2016,119,90,12.5,81.35
